vehID30016,415.53471202040726
vehID40021,402.4663646648671
vehID10004,419.5223250085738
vehID30007,404.64106011330034
vehID40026,405.52869891039825
vehID10003,419.5177057946163
vehID20001,418.78031128550174
vehID30021,405.56824836207136
vehID40028,415.0923057318802
vehID10007,400.9456404793567
vehID30011,410.2109474222676
vehID40032,413.53129272397354
vehID10002,419.82040069475397
vehID30026,398.79394590044035
vehID40007,415.99164898735614
vehID20002,409.6495363821376
vehID10006,420.112119389785
vehID40018,408.3410174796881
vehID30004,397.2105113955863
vehID20003,411.70726463926934
vehID10009,411.4615427979817
vehID40011,404.87244921104195
vehID30024,408.5856963848878
vehID40024,415.50924587350335
vehID10008,393.1046746831905
vehID20004,403.8973239433243
vehID30008,412.66560090250204
vehID40030,406.3353591856335
vehID10010,417.57642663793297
vehID30020,410.6973628009201
vehID40015,408.92019098876585
vehID10005,409.7344555964696
vehID30009,414.4504302380826
vehID40023,410.6921006146138
vehID10014,414.5742886064303
vehID30027,395.56300390553804
vehID40027,413.197838119881
vehID10017,402.3079918066934
vehID30015,403.5025059927662
vehID40008,407.36209996430864
vehID10018,412.52210619474255
vehID20006,412.59292558585685
vehID30025,407.72836096749734
vehID40014,401.2080791315741
vehID10012,414.4181204564162
vehID30005,405.421239612568
vehID40019,402.9669973681778
vehID10015,418.22219274166844
vehID20005,416.9969875750742
vehID30006,406.3771192764326
vehID40013,414.8331469206646
vehID10019,421.3179853450973
vehID30002,414.5256082359059
vehID40005,407.07737323079647
vehID10011,414.59148443704356
vehID30014,413.5896305589717
vehID40033,406.7378427548468
vehID10013,411.72736209124724
vehID30010,408.58516182022703
vehID40004,401.4940328618058
vehID10016,400.642204199047
vehID30003,404.8426554873379
vehID20008,419.16001962941897
vehID40009,403.8641040621702
vehID10020,420.926257984264
vehID30017,404.25843563605133
vehID30023,408.09759495254696
vehID40016,406.2197614639542
vehID10026,418.69882536104046
vehID20007,419.71929159898565
vehID30001,415.44916781633003
vehID40017,405.8433276021546
vehID10027,397.21007547093006
vehID30013,393.29108112872484
vehID40025,411.00995625360736
vehID10022,410.742743835223
vehID30019,412.3477751956923
vehID20009,392.77570200159784
vehID40031,404.1132605415228
vehID10021,395.91193731537805
vehID30022,413.52414562920967
vehID40003,404.8117378208091
vehID10025,395.3386899992985
vehID40012,416.7106645967573
vehID20010,414.42988757626506
vehID30018,405.7303355054722
vehID40022,403.216608820395
vehID10024,412.2800953159322
vehID30012,403.4964383837937
vehID40006,407.38301192927327
vehID10023,415.6049458512082
vehID20012,416.7552908973114
vehID30030,403.68717803751963
vehID40001,415.58515472190436
vehID10034,416.0520379355405
vehID30043,410.35993194097676
vehID40020,404.3316800866976
vehID20011,418.02017056394345
vehID10031,419.2296917359725
vehID30038,407.33904941319656
vehID40029,398.74056427060884
vehID10035,420.1740583219798
vehID30050,408.41311156174527
vehID40010,403.78047197173044
vehID10033,409.2724287782885
vehID30034,413.60003606145233
vehID40002,408.82720891198164
vehID10028,410.8284420934605
vehID20014,410.5224661716371
vehID30036,410.22010361799056
vehID40040,411.4979537118129
vehID10032,407.69592577654134
vehID20013,406.87190815177405
vehID30049,400.91462879542655
vehID40048,411.2459680777307
vehID10030,412.5757052707562
vehID30046,403.5012717825016
vehID40046,409.21375485055796
vehID10029,402.29129100966327
vehID30045,415.2377929092613
vehID40062,414.7600610908647
vehID10038,402.7345905999021
vehID30037,413.80137374651224
vehID40056,401.0412129290457
vehID10039,420.3711330238645
vehID20015,391.79976606349237
vehID30029,391.93401307581934
vehID40050,396.8066851781278
vehID10037,411.5232081147441
vehID20016,412.66499509636776
vehID30044,395.584263495634
vehID40039,406.0582762153507
vehID10040,409.56108409454833
vehID20017,414.4697423393957
vehID30047,404.97411434253337
vehID40036,392.49173171736686
vehID10041,390.6649409531799
vehID20018,418.57797002381585
vehID30051,404.4389428653359
vehID40047,400.8033166431807
vehID10036,412.7830632376809
vehID10043,416.5090835431489
vehID30031,411.016566283359
vehID40044,409.04650127867177
vehID10042,402.90582255175735
vehID30042,398.97933192937046
vehID40038,406.3519647089242
vehID10047,406.34888085237856
vehID20019,417.34909164969906
vehID30039,401.79052960501576
vehID40057,414.93089771363736
vehID10048,413.16325372029354
vehID20020,414.6974167438576
vehID10044,416.73051812653404
vehID30033,390.5382556341738
vehID40055,411.2555438228811
vehID10046,420.2452783743211
vehID30040,407.23540431135086
vehID40064,399.63960116765224
vehID10045,411.48405502013065
vehID30035,413.81889412954786
vehID40065,391.13345679446184
vehID10049,419.3524938980927
vehID30032,412.87100943214875
vehID40035,396.39976790504795
vehID10051,415.5147374527942
vehID30041,399.3282527349967
vehID40059,398.77356492780694
vehID10054,409.5021200693536
vehID10056,413.549579168174
vehID30066,404.1119134339679
vehID40061,405.3519754360334
vehID20021,408.2581775807208
vehID40041,401.54487327424704
vehID10050,410.93953919986814
vehID30070,403.5864086686702
vehID40049,405.2106325362363
vehID20022,417.8856799285841
vehID30028,400.5455445824359
vehID10055,406.6489001507996
vehID40063,409.944293224828
vehID10052,421.9007390033082
vehID30069,406.77564482104606
vehID40058,414.59403041246514
vehID20023,416.72200619609816
vehID10057,413.9643440173685
vehID30048,409.37409244300625
vehID40045,405.32327932985805
vehID20024,405.96742119592307
vehID10053,418.49933594738036
vehID30064,411.2044440604634
vehID40053,414.39457467293533
vehID40052,409.7842393590537
vehID10063,409.47283884946125
vehID30065,412.40592450120766
vehID40037,402.00593576742114
vehID10059,410.055327732877
vehID30071,415.58647102258783
vehID40054,413.90122278298077
vehID10061,414.5317002998497
vehID30072,410.22223636375156
vehID30068,412.96734906682786
vehID40043,406.43243698147876
vehID10058,411.9143494558555
vehID40042,403.4657963541968
vehID30053,403.6235573049732
vehID10064,395.1540717563013
vehID40051,391.9525013233878
vehID30055,408.280382768873
vehID10060,417.46094310344483
vehID30063,404.31663179377693
vehID40034,406.32435358199825
vehID10062,410.4943404626511
vehID30052,415.0049781968316
vehID20026,416.6917551183664
vehID30058,409.6538405942798
vehID40060,394.2855368696182
vehID10068,416.21458697352057
vehID20025,421.7877685440725
vehID30062,405.52806232866715
vehID40089,412.268515095716
vehID10066,403.6394940517516
vehID20027,410.52608874115293
vehID30054,409.35276433028537
vehID40082,405.3650780502028
vehID10069,418.6104413993097
vehID40078,408.0678514704391
vehID30060,408.4637153256675
vehID40069,410.34257003771023
vehID10070,414.45321093212505
vehID10065,411.0809029696137
vehID30059,406.9592686233825
vehID40071,398.1348148746596
vehID30057,408.4884604916083
vehID10067,404.8384245919525
vehID20028,411.7815098621655
vehID10072,387.9744101023133
vehID40088,413.4674912966432
vehID30067,411.59814571499754
vehID40085,414.8038294030254
vehID20029,395.2708720902707
vehID10074,416.65493161178995
vehID30061,406.05974374623634
vehID20031,407.41094160397586
vehID40077,405.20971497309574
vehID10075,415.39314797773164
vehID30056,401.92848959681646
vehID40076,409.04619748088885
vehID10071,421.5461138284541
vehID30078,415.8812515138333
vehID40073,402.0902262994879
vehID30075,411.99588886146347
vehID10073,414.80758973091514
vehID10076,405.3800927364972
vehID30074,415.2666403320738
vehID40067,410.52516959465635
vehID30084,403.8817473828693
vehID10078,411.917790525079
vehID20030,415.6959091415839
vehID40072,412.56940421421723
vehID30076,392.34489944769734
vehID10080,410.0678382782841
vehID20033,396.3319727751585
vehID40084,404.8293099625717
vehID30079,411.8889880525426
vehID10077,412.45329394097024
vehID40074,407.310968969224
vehID10079,419.2640797629955
vehID30090,412.5660555074483
vehID40081,404.0556191615253
vehID10082,401.7970492199379
vehID30092,401.8346760173254
vehID20032,419.11337893777477
vehID10081,394.96432758540163
vehID40092,412.88513006609014
vehID30093,394.17423621967146
vehID40087,408.9958713716122
vehID10086,410.46939125758445
vehID20035,412.2283500810545
vehID30082,404.4657343261233
vehID40091,398.12442738627703
vehID10088,400.5181622564246
vehID20034,420.9487860217373
vehID30085,409.2370409005547
vehID40093,413.46810006829696
vehID10084,412.5564647923474
vehID30073,412.09509566804365
vehID10085,415.6202949078403
vehID30083,415.193703022695
vehID40079,401.59572316131636
vehID30091,401.295059066315
vehID10083,417.6909740436182
vehID10087,411.4031164653052
vehID40090,404.1853854590704
vehID30081,405.6451881656818
vehID10090,418.2482545128799
vehID30087,414.90246415863055
vehID40075,415.3193346771465
vehID30086,411.95692953586433
vehID40086,404.8726518153937
vehID30089,398.6798477059995
vehID20037,403.82815004657425
vehID40068,414.702163947694
vehID30080,406.5807040991403
vehID40083,394.3780514578682
vehID20036,418.22467207740146
vehID30077,413.5438648397558
vehID40066,406.58889059285434
vehID30088,409.6886424631499
vehID40080,405.1273130600848
vehID20038,408.23731262396666
vehID30103,389.0317802351549
vehID40070,413.26061212515674
vehID30102,412.1230812139797
vehID40106,410.61268407934995
vehID30109,414.3767641425881
vehID40119,407.6279211845074
vehID30097,404.4307992042294
vehID40102,391.78091571241896
vehID30101,401.4720907281938
vehID40107,414.6728290245002
vehID20039,416.67882687079526
vehID30105,412.2251349513836
vehID30098,414.1841338925551
vehID40121,396.2714494816504
vehID30108,411.03299640263526
vehID40112,415.2066623555917
vehID30104,414.86491484709643
vehID40117,403.8487279867798
vehID30096,415.5438462090726
vehID40122,401.2432610068414
vehID30107,405.10466489989756
vehID40110,396.92584364277434
vehID30111,405.3617777153876
vehID20040,395.07781914782174
vehID40116,395.2746085355491
vehID30095,400.2037544080903
vehID20041,420.91774472606926
vehID40109,406.02601852383054
vehID30100,404.5104900305338
vehID30110,408.3058414375898
vehID40111,406.6818954302087
vehID30099,408.12278727280454
vehID40105,409.7928209360757
vehID30106,390.873003026192
vehID20042,418.13212035832123
vehID40108,410.2973464739599
vehID10094,401.06532473701816
vehID30094,411.83313325892686
vehID40118,411.07272922612407
vehID40114,415.3450212427349
vehID10092,391.2730190512904
vehID30122,408.39087822434453
vehID20043,409.78178193497433
vehID30129,402.12906393769276
vehID40095,408.22612636228837
vehID10091,419.3143957977288
vehID30124,395.06425532233834
vehID40120,414.62569764537096
vehID10093,418.5752051786674
vehID40113,413.02946301990676
vehID30118,405.4940152231162
vehID10089,416.3021026395274
vehID40096,411.2174634426155
vehID20044,388.6737424046431
vehID30123,407.24349881235395
vehID30114,411.63407587888423
vehID10100,419.7274563391076
vehID40097,404.82429281682033
vehID40104,395.2158242111447
vehID30121,409.9617164400325
vehID10099,410.17418152443906
vehID40101,391.1271616363123
vehID30117,390.80406203318046
vehID10096,394.4460511680795
vehID40094,400.32569121995243
vehID20046,414.2724809213872
vehID30120,412.97598908114793
vehID10097,409.5715961177224
vehID30126,405.24645820309877
vehID40099,411.85132498507477
vehID10095,415.97128480959896
vehID30113,401.75036404504453
vehID40115,404.1817249386507
vehID20045,404.699361037944
vehID10098,394.5952675586736
vehID30127,405.58614753390066
vehID30128,408.41528419702274
vehID40123,402.4964690717046
vehID10102,414.44457366666177
vehID30112,409.5781927023721
vehID40098,411.3679568910118
vehID10101,396.0757948452256
vehID20049,420.76924841958464
vehID30116,392.32946296971505
vehID40103,403.8895350730375
vehID10103,400.66826371984985
vehID20048,420.51251187310424
vehID30125,412.00001213184066
vehID40136,408.3190914764656
vehID40100,404.68963750718285
vehID10104,390.4439463242873
vehID20047,421.33912315480654
vehID30115,411.6281332630504
vehID30119,402.21087726444216
vehID40134,410.48146528191404
vehID10106,408.6329923994782
vehID10105,421.61600748475047
vehID30142,407.0392101422211
vehID40141,409.9705646265177
vehID10107,398.95835599370514
vehID30140,406.9160713966577
vehID40150,411.67259506594087
vehID10108,414.34305166952464
vehID30137,411.64327043782646
vehID40144,403.1431951105218
vehID10109,418.71774558152094
vehID20050,403.40297289081354
vehID30138,414.15858380882526
vehID40147,413.45874653222074
vehID30141,399.5916724556133
vehID10110,419.12778618282357
vehID20051,411.395068971038
vehID40138,412.73203658480344
vehID30144,407.1173624698623
vehID10111,420.4421304584856
vehID40132,404.3837885414261
vehID20052,416.54309967917834
vehID30145,404.8374369463644
vehID10112,408.6321662046922
vehID40133,394.37417353735236
vehID20053,420.70148542554307
vehID30134,407.87081380479646
vehID10113,415.30873383554547
vehID40149,414.4623960148298
vehID30139,404.19809122914177
vehID30143,412.56053470038717
vehID10114,412.358026806141
vehID40127,410.2682097617814
vehID30136,416.10414587319315
vehID10116,415.0461952590079
vehID30135,393.2314827566854
vehID40146,405.35150747967214
vehID10115,408.49511833963004
vehID30146,406.65234103858467
vehID40137,407.58537846722453
vehID10117,394.3760631295411
vehID30131,404.37334372108376
vehID40140,412.50015296829264
vehID10118,399.0593146104021
vehID30132,406.812222897962
vehID20055,421.83108812638875
vehID40124,399.89942549855976
vehID10120,414.19371331475713
vehID30133,405.0523362437307
vehID40139,409.44907995765146
vehID10119,397.9946377233779
vehID20054,417.57022336001035
vehID30153,410.32712467042666
vehID40129,413.4626913612096
vehID10121,417.0157990171205
vehID30130,398.91347736811235
vehID20057,414.2590731277695
vehID40125,411.0300836224329
vehID10122,412.0806308323392
vehID30148,410.8762067820346
vehID10123,421.8698818126287
vehID40135,405.52813685547403
vehID30162,408.5631819625856
vehID10124,415.3873821831812
vehID30159,411.44548062981903
vehID40130,394.5018424522086
vehID10125,414.8086743281582
vehID30156,414.9703892043089
vehID40128,414.0233826600893
vehID20056,414.9854229741544
vehID40145,415.36191128600274
vehID40148,404.18806568725995
vehID30155,413.75295916046105
vehID30164,404.63498030537494
vehID40131,407.16960797899736
vehID20058,410.40045087276553
vehID30157,402.8608918808518
vehID40143,398.2800998973971
vehID30151,402.94998252406833
vehID30163,391.65075854190866
vehID20059,419.91165160255173
vehID30149,413.9726078988805
vehID20061,414.45674089335546
vehID30150,399.3887027693454
vehID20060,401.4731700224647
vehID30161,407.5034249760669
vehID30147,390.12069559899066
vehID40126,401.70308279702635
vehID30152,410.7618485071795
vehID20063,391.5996369196841
vehID30154,404.8423862146021
vehID40142,415.1378258789412
vehID30158,413.53970255162744
vehID20064,409.8942947909698
vehID40172,404.8248960511868
vehID30160,406.4402337168036
vehID20062,414.325310277272
vehID40157,390.7944186785612
vehID30169,408.0417181747195
vehID30173,404.33538176069123
vehID40160,407.00859598112913
vehID30165,410.6071226705731
vehID20065,421.4131483107964
vehID40158,413.0163817259554
vehID30170,407.4330855215768
vehID20067,415.8345350008382
vehID40159,395.618411800411
vehID30171,404.1173062598155
vehID20068,417.27214376288276
vehID40173,410.60573316715056
vehID30174,401.84780675884764
vehID40165,415.3856491223986
vehID30176,411.1058836843757
vehID20066,418.6326140327911
vehID30167,410.30953219922344
vehID40170,407.39901413560085
vehID40166,408.1419690464399
vehID30172,408.87877465880115
vehID40171,409.0133992288669
vehID20070,413.34389851379626
vehID30175,409.3413500155442
vehID10126,412.532145069141
vehID40152,404.74107053864043
vehID10127,415.06981050685454
vehID30168,411.5019346278706
vehID40153,411.07385788573663
vehID10128,414.5304355357571
vehID40156,413.4432190580411
vehID20071,412.159551732289
vehID30177,414.29571440284286
vehID40151,409.8188019094228
vehID10129,416.8799630738027
vehID20069,412.36703660767586
vehID30166,401.49893542372075
vehID40169,406.10478140848375
vehID10130,411.5550127448221
vehID20072,414.87614595721413
vehID30178,401.1380589945139
vehID30189,413.6521376031485
vehID30191,404.4313625623489
vehID40175,402.8550609506017
vehID10133,418.39955316145006
vehID20078,420.5787545528851
vehID30185,409.29227133606196
vehID40163,410.8146061223924
vehID10132,420.49407183969157
vehID20076,403.2236956154853
vehID40154,394.8987235831203
vehID30179,404.15627097115816
vehID10134,419.4605480967427
vehID20075,394.08529544677
vehID30187,409.90554952511263
vehID40155,401.47486359864234
vehID10131,417.83265692495786
vehID20077,412.16273839414964
vehID30188,403.60138935833504
vehID40167,412.87590746015076
vehID40168,410.0552135510494
vehID40164,416.68778853110643
vehID10135,399.9699190937446
vehID20074,416.28419516761335
vehID30182,414.6146549779038
vehID30190,405.70231955247584
vehID40174,411.49500960778323
vehID10137,410.0240605644515
vehID20073,409.98423584279624
vehID30181,405.02853939371136
vehID40161,412.8093998908719
vehID10136,407.12546950350725
vehID20082,413.29904655331734
vehID30180,406.72342689995486
vehID40162,408.57642511575176
vehID30186,409.4452704564844
vehID10138,404.6372575434377
vehID20079,420.64946001175656
vehID30192,408.7645180895202
vehID40177,402.5952424248143
vehID30184,400.31892662094094
vehID10142,417.0858804015944
vehID20080,416.62697655452695
vehID40195,412.3104425579127
vehID10143,419.7741468243122
vehID20081,419.36420523740856
vehID40194,399.5870163623845
vehID30183,415.25190244070404
vehID10140,397.9192598131582
vehID20083,411.8817503145171
vehID30206,394.1369111185038
vehID40188,399.90832951688515
vehID10139,412.67835071032846
vehID30199,406.4826698732751
vehID40180,405.80327116526684
vehID40182,414.08668727728264
vehID10144,414.6103418433188
vehID20084,409.40404975457596
vehID40184,399.985512474933
vehID30205,411.5783083833951
vehID10141,411.05627910878326
vehID40187,404.70230481978916
vehID20085,394.8835358738684
vehID30207,414.67582374946767
vehID40191,410.15533820482204
vehID10147,420.26132327581024
vehID40190,406.3756818214722
vehID30195,411.8995030242931
vehID40183,406.8320743550592
vehID10146,398.2004056607959
vehID20086,421.94930759163594
vehID40186,409.65688310817643
vehID30202,416.34347733754026
vehID40176,405.93274302616953
vehID10149,413.8168077559743
vehID20088,411.01270484094516
vehID30193,404.53855645240697
vehID10145,417.27485608567974
vehID20089,398.2466622250979
vehID30201,402.9603805299429
vehID10150,407.84237347314536
vehID20087,413.2224574679853
vehID30198,415.48092228582885
vehID10148,400.5180221309527
vehID30204,406.58580924020424
vehID20093,413.4839775879201
vehID10152,415.3905571697961
vehID30196,406.9118357997751
vehID10153,420.0463436111379
vehID20090,398.4173828933669
vehID30203,404.81252113959385
vehID10151,412.3370490965841
vehID20091,416.6782197424688
vehID30194,414.5928521272008
vehID10156,417.2506724743587
vehID30200,405.6495702945481
vehID10154,412.0917919544269
vehID20092,409.91617450898536
vehID30197,416.3915012759467
vehID30214,392.97813190326787
vehID10155,416.52365211431595
vehID20094,413.9198008218997
vehID30210,404.97386359189244
vehID10159,414.85567311237276
vehID10162,415.98919216143855
vehID30216,409.4940257026582
vehID10157,420.5198359878665
vehID30212,413.97453822845233
vehID10161,410.93989174883586
vehID20095,394.0590677109345
vehID30213,408.2885040350725
vehID30217,411.6806438686464
vehID20097,412.7647749015666
vehID30209,412.00148624344064
vehID20096,399.0566145217585
vehID30215,403.94026429714353
vehID20101,414.71043340016286
vehID30211,407.5108741679628
vehID20100,419.9662546339913
vehID30218,408.3412946875508
vehID20099,416.867708174924
vehID30208,416.3064773192325
vehID30220,412.6579986972726
vehID20098,402.5499324430207
vehID30227,403.2532126049618
vehID30226,405.01936936435
vehID30222,410.31988828380645
vehID20105,408.305166230721
vehID30219,411.1042711466052
vehID40192,390.4423593970374
vehID20103,392.17254439653334
vehID30221,407.91690046875317
vehID40181,413.9120668029493
vehID30223,410.60023654421104
vehID20104,410.6376066959158
vehID30224,413.5420918394549
vehID40178,414.15180423218646
vehID20102,394.71309231751513
vehID30225,412.0996943840256
vehID40189,403.4925481290302
vehID20108,401.08942034480606
vehID30228,407.2691012973772
vehID40185,403.7538618684262
vehID20109,412.0797532889086
vehID30235,409.48998591345946
vehID40193,406.6385448835865
vehID20106,409.8340279967051
vehID30236,397.9115187848932
vehID40179,397.00614093085267
vehID30231,404.31997048359466
vehID20107,414.2789524899772
vehID40196,408.2695342024927
vehID30229,408.14018414803377
vehID40197,406.3989499810873
vehID20111,413.7669493238632
vehID30233,411.2262202730676
vehID40208,413.33999622910153
vehID30232,411.94743046528316
vehID30234,415.1001793061459
vehID30230,412.73300084341366
vehID40205,405.5764917572757
vehID10158,405.24105623295
vehID10160,400.37936515708196
vehID30240,413.96287235848126
vehID40199,410.72355431380356
vehID20112,392.3744859603662
vehID10169,410.6507078660393
vehID30239,410.92207734882896
vehID40202,406.52097673844787
vehID20110,398.19249162363843
vehID10171,421.0619066838965
vehID30241,405.2436575600592
vehID40206,409.2683892948196
vehID20113,419.0650971627466
vehID10168,419.7067169320311
vehID30237,405.94538731363053
vehID30242,409.14002646249
vehID40198,410.56706522030856
vehID20115,418.962155021711
vehID10165,405.34240071706466
vehID30238,411.38061634074757
vehID40212,406.79296581465996
vehID30244,402.0140362747767
vehID40215,408.1619425603261
vehID10163,409.43902944425804
vehID20116,411.5236028743514
vehID20114,405.19305869288723
vehID40214,413.79389136182294
vehID10170,391.27046506848706
vehID40201,410.28336035172003
vehID10164,420.31865706622733
vehID20117,415.11631318673403
vehID40210,411.19054548015583
vehID10167,392.3633378281604
vehID40204,395.51674433184405
vehID10166,414.7019017342607
vehID20120,391.5863155667438
vehID40213,404.0556365184266
vehID10175,414.08247967127903
vehID20118,418.4302935734153
vehID40207,397.800894455042
vehID10177,418.7152145494118
vehID20119,410.090000561043
vehID40211,412.0919831372292
vehID10172,418.72419330133175
vehID20122,401.21348140520263
vehID40222,408.362550528607
vehID10176,416.7358801793853
vehID40203,411.5691583648496
vehID10174,420.4438670267798
vehID30246,412.99832637274983
vehID20121,418.2282693488837
vehID40209,412.8069394387369
vehID10173,410.0657830097823
vehID30243,414.2200987200771
vehID30245,408.20086507372787
vehID40216,412.97974487569627
vehID20124,421.0584154310302
vehID10183,420.6270562981649
vehID30247,404.13269318181403
vehID40200,399.29837574136366
vehID20123,409.02402131011013
vehID10178,414.8686097555594
vehID30248,410.03362884351156
vehID40228,409.13503203856885
vehID40224,411.90116546299805
vehID10179,393.41425250878854
vehID30249,410.2670354359415
vehID40220,414.838710345882
vehID30254,404.4717067068243
vehID20125,419.26526998029976
vehID40227,403.95597844555607
vehID10180,409.68594073955074
vehID30250,406.55774110728885
vehID40217,408.3937145573329
vehID10182,397.14528128826316
vehID30253,393.7216711816608
vehID20126,403.5831292536813
vehID40219,413.98861581814754
vehID10181,418.856577344093
vehID30252,410.90462799958334
vehID40230,402.86952639015857
vehID40225,393.86405815813225
vehID20127,412.47192060044426
vehID10184,399.7183733918672
vehID30256,415.17028816343816
vehID40223,394.8678094808389
vehID20130,408.0586717242282
vehID10189,397.62215724207226
vehID30251,394.30283600061284
vehID10188,408.5477808474259
vehID30255,408.82911844296166
vehID30259,393.6161123153789
vehID10191,412.64120262272627
vehID20129,400.12533340857374
vehID30258,414.8185583175001
vehID10187,404.3006321412619
vehID10190,419.8135788542319
vehID20128,418.09117195205147
vehID30260,404.6968025184151
vehID10186,409.3212130853464
vehID20133,402.8393864601818
vehID30262,401.63926444173114
vehID10185,403.23297636646004
vehID30257,410.32014210216306
vehID10196,412.9098469472491
vehID30261,393.9240049223653
vehID20131,409.2400581532229
vehID10199,410.771661820306
vehID30263,410.12624245716233
vehID10195,416.23934243611814
vehID20132,419.6670955447411
vehID30264,408.5204740996508
vehID10194,410.548843025083
vehID30267,409.6614885086836
vehID10198,415.36886304875327
vehID20137,408.60852960628824
vehID20135,409.79486627529786
vehID30265,409.46370226193307
vehID30266,408.128778878715
vehID20134,403.2729663334944
vehID30269,393.5171766845758
vehID30268,411.84253302249084
vehID30271,408.29492296314504
vehID30270,401.7835922135008
vehID20138,412.0383958676777
vehID30272,400.1437974192904
vehID20136,414.91303031031276
vehID30276,412.0368461587631
vehID20141,409.64192306374844
vehID40226,408.19906941831476
vehID30275,407.62495044033096
vehID40218,406.2276223810871
vehID20139,417.6572807661254
vehID30278,412.0430323812044
vehID30273,406.1198130143557
vehID20142,389.78781951637615
vehID30274,397.6307029265633
vehID40221,394.95143389381946
vehID20140,412.8961092266758
vehID30281,413.8571118667884
vehID40231,407.6328650992177
vehID30277,407.9826564410464
vehID20143,412.3293004282949
vehID40245,410.5673956060467
vehID30279,408.9741713490921
vehID20146,419.3111679439955
vehID30280,412.4025801680111
vehID40229,412.86206441803415
vehID20145,414.049946265536
vehID30282,413.9099458397722
vehID40239,403.501016906843
vehID20144,395.9142212518216
vehID30283,399.2878548712181
vehID40240,405.4418386046772
vehID30287,414.5376839677009
vehID40244,404.27926209089173
vehID20148,415.9731818862678
vehID30288,411.9143128161793
vehID40246,416.00641165953596
vehID40236,408.7746478008796
vehID20149,415.8782219030635
vehID30285,415.19381283384234
vehID20150,415.15779071588145
vehID40248,406.1348237083739
vehID30284,401.11931228669647
vehID40241,410.98673222152274
vehID20147,410.25404037675037
vehID40243,394.969217452399
vehID30286,398.9254795822343
vehID40238,414.5402516187572
vehID20151,406.4938240966097
vehID30289,414.4207698535408
vehID10192,420.6190253597665
vehID20153,396.1593569939647
vehID30292,405.3746145501199
vehID40237,403.64761714299374
vehID10193,403.0080129455072
vehID20152,394.0940167642815
vehID30290,389.43358822264304
vehID40233,396.25410142159035
vehID10197,419.68651109442237
vehID20156,417.06759174478924
vehID30293,409.6373859452236
vehID30291,406.29478793691567
vehID40232,415.0437066361992
vehID30299,407.31746106070375
vehID40242,407.7291452584533
vehID10202,414.99025786591085
vehID20155,408.5990226673798
vehID20154,410.835433640237
vehID30298,408.9240062607114
vehID40247,412.4459866940065
vehID10204,403.00383149103584
vehID30297,410.81935375319887
vehID30295,414.6456549441504
vehID40234,413.9930925793091
vehID10206,416.3180698044791
vehID30296,392.0216243660275
vehID40249,415.9273185187768
vehID10201,407.23677779560717
vehID40235,408.54566805090025
vehID40258,392.93939031231594
vehID10205,409.97175868424006
vehID40250,398.12271421919604
vehID10200,412.1877553294499
vehID40265,402.1051130132929
vehID10203,414.323085966579
vehID40261,396.01270058754017
vehID10207,411.74853754435185
vehID40253,399.285581928836
vehID30294,400.5513388415802
vehID10212,417.63857263130944
vehID40264,408.0704987984842
vehID10213,411.8834968597187
vehID40257,407.9265024852335
vehID10211,416.6646482696474
vehID40251,409.2981687838659
vehID40252,393.7080433720723
vehID10208,415.4535283743193
vehID30304,398.3385898841474
vehID10217,391.3755964440927
vehID40262,399.03307794654813
vehID30302,412.02580991703735
vehID10210,398.69840811923933
vehID30300,413.9217131560115
vehID40260,411.4194401019402
vehID40255,413.1524040189062
vehID10214,417.76945544734775
vehID30301,413.77039034172583
vehID30303,396.58619052323706
vehID40256,405.4817094982968
vehID10209,408.7751204739475
vehID30307,406.59367652933435
vehID40259,413.69209824450866
vehID30306,415.81450466250226
vehID10215,417.24938265114486
vehID30305,408.3772347435204
vehID40263,408.66609131601956
vehID40254,415.12656580632057
vehID10218,410.908764610656
vehID30308,414.70931294679315
vehID40274,411.75057340459875
vehID40271,406.28939274253105
vehID10216,414.54526931641476
vehID30309,410.6621738631225
vehID40266,399.55869472932045
vehID10219,419.54133796612814
vehID30310,394.7323322425191
vehID10221,420.20675728685245
vehID30314,411.58117264689326
vehID10223,409.69818623767867
vehID30312,405.9188212420263
vehID30313,414.96686998434154
vehID10220,405.1403265101519
vehID10228,413.19843566769237
vehID30311,414.5438123968915
vehID10230,410.25719091938913
vehID30317,411.46247242774746
vehID30319,404.99735088879004
vehID10224,411.3753936524505
vehID30315,394.4504885026947
vehID10227,404.0730016343524
vehID10222,395.56942197902754
vehID30316,409.8234823888508
vehID20160,413.87810897535223
vehID10225,418.3928678467837
vehID30318,409.67700518764565
vehID30320,408.10511804983696
vehID20158,411.3950110382659
vehID10229,397.4425899773795
vehID20159,404.7958879690255
vehID30323,414.7160640834193
vehID20161,416.4518351119599
vehID30324,408.6175143271073
vehID20157,413.30462189789694
vehID30326,406.73254141297014
vehID20163,398.93177143804246
vehID30325,408.27617049083597
vehID20166,412.7028947075157
vehID20162,408.65091184380486
vehID30327,409.95279075597625
vehID20165,421.2601733226377
vehID30322,405.3105773693365
vehID20168,408.02354367787166
vehID30321,410.5398445395727
vehID20167,411.8531862620341
vehID30338,409.6133610640817
vehID20164,400.3444232703764
vehID30341,413.4275466935008
vehID30335,416.1823659593434
vehID20170,392.7417024801431
vehID30334,404.46520512057896
vehID30329,394.7919174393164
vehID20173,421.0790129802546
vehID40280,390.03519095883314
vehID20175,411.13469675795
vehID30343,400.896329695012
vehID40273,409.08644671791023
vehID20171,411.4236295496938
vehID30332,403.518777841782
vehID20177,417.06984662614445
vehID30330,409.84888317800085
vehID40270,393.75194738121377
vehID20176,417.51712566552254
vehID40269,411.87235225272553
vehID30328,409.02155129793977
vehID20174,411.88717101223597
vehID40276,395.20555653719305
vehID20169,395.9237682475974
vehID30333,408.4719784575301
vehID40272,402.0345205567688
vehID20172,398.70204993302355
vehID30336,400.5513453674931
vehID40268,408.95246860607904
vehID20181,406.50554810550796
vehID30337,414.0721762154876
vehID20183,411.94826700090033
vehID30340,405.47462638857655
vehID30339,393.2057702442887
vehID40275,408.3719487946728
vehID10226,401.15233765220785
vehID20184,410.8910038116078
vehID30342,401.7199483361693
vehID40267,413.3017155858752
vehID20178,402.0438439703007
vehID30331,414.0895972730491
vehID40278,395.54794435853677
vehID30350,391.0048835338346
vehID40279,401.2315951327903
vehID40277,407.9301476413202
vehID10236,421.93595399505756
vehID40281,403.4204815079829
vehID10231,408.22238104537325
vehID40282,412.2790553545009
vehID10232,410.6883102490405
vehID40288,410.9285470083058
vehID10238,412.3227323405107
vehID40290,407.7416884492184
vehID40293,416.5394775575536
vehID10241,420.422163543631
vehID40287,391.7802933273257
vehID10242,413.9543290951449
vehID40283,406.2187682570176
vehID10237,414.159785265833
vehID40292,413.77357615324865
vehID10233,403.18485197241495
vehID40284,405.01799816212826
vehID10234,417.8516134845545
vehID40289,405.4268411194489
vehID10239,410.7516896698653
vehID40286,413.94417854374746
vehID40285,404.555543601673
vehID10240,418.88258016335305
vehID40294,407.9365558864546
vehID10235,405.76127716605254
vehID40295,411.9138217469915
vehID10254,413.9290490882761
vehID40291,394.50601146458655
vehID10250,418.01845414127513
vehID40302,391.7815315961542
vehID30352,399.51489368260485
vehID10255,409.11387813261763
vehID40301,414.02510016879404
vehID10253,399.7455797318558
vehID30345,389.7957955010433
vehID40307,412.3206828141732
vehID10244,400.11243165387884
vehID30348,410.7544406898619
vehID40296,404.41646966042066
vehID10251,395.33375005243454
vehID30354,391.6182637684768
vehID40304,402.6000604626387
vehID10245,418.4218050276278
vehID30357,405.7707486364478
vehID40303,407.57651644313853
vehID30355,402.9172426442083
vehID10247,415.66814966418826
vehID40300,406.2795793660416
vehID30353,406.87062090453924
vehID10248,389.79606649706204
vehID40309,394.0317603973699
vehID30344,412.82900124827137
vehID10243,416.94987509285266
vehID30347,404.9741662161839
vehID40297,403.7765051399084
vehID10249,418.82855891868167
vehID30356,408.8657376071575
vehID40305,412.89374792762635
vehID40308,410.61539979592544
vehID10252,393.9709940536683
vehID40298,409.57549223609567
vehID30358,414.8062296357639
vehID10246,415.69324773720456
vehID40299,408.8654120895045
vehID30346,392.48406757118505
vehID40310,400.33430234186557
vehID10260,409.583787087612
vehID30349,414.9270857595127
vehID10258,420.15501582991453
vehID30351,415.00356094295944
vehID10256,413.5210103564633
vehID30367,409.9193385961041
vehID10257,417.48569145634656
vehID20179,407.72311621897336
vehID30362,406.3705663872273
vehID10269,407.4435077409967
vehID10263,418.6619637241505
vehID30371,393.99684859379465
vehID20180,416.5482747162298
vehID10259,410.63553581688984
vehID30366,404.6627419023538
vehID10270,408.0605170868882
vehID20182,415.85695972131396
vehID30364,410.2347113993021
vehID10265,391.67021872138406
vehID20186,416.72408037872367
vehID30372,406.93568816315224
vehID10267,410.33904888300265
vehID30365,414.6328909342037
vehID10264,407.4276759722479
vehID20189,399.87409754959276
vehID30360,395.1710098702994
vehID20191,416.64790295337434
vehID30369,412.0110652555613
vehID20185,403.5877296617733
vehID30359,405.2376071079203
vehID20187,419.0197944511409
vehID30363,409.9314028911796
vehID20190,393.7844442039159
vehID30361,396.02225631402945
vehID20188,420.4566896487782
vehID30370,411.06244133367306
vehID20192,411.5126286658852
vehID30368,406.03619857210646
vehID20196,411.7083886646257
vehID30373,415.49250623187476
vehID40306,416.71983234024356
vehID30383,399.05818346419073
vehID40316,415.1980770475898
vehID20194,416.09688310662733
vehID30382,401.5058128991364
vehID40319,404.701125503831
vehID20198,408.449341416891
vehID20193,412.39112011913926
vehID30377,411.0598757774395
vehID40312,408.78295699991077
vehID20195,420.4410209939848
vehID40320,406.16148075072874
vehID30376,401.46210909046204
vehID20197,416.5116096204984
vehID40318,411.235065815706
vehID20202,410.3973569929283
vehID30379,408.5402885456804
vehID30381,405.3230562762865
vehID30375,405.49984369526294
vehID40314,406.3766396424903
vehID20204,415.9377761309272
vehID30374,408.5447861885911
vehID40311,404.4649185387515
vehID20201,421.1267837696972
vehID30378,410.1657690117233
vehID40321,401.849112307072
vehID20200,416.8762983875103
vehID30380,412.8283228425157
vehID40315,409.1261539311036
vehID20205,398.4666641641991
vehID30384,412.1050383443976
vehID40317,407.8298983406264
vehID20199,412.2244899440837
vehID30400,415.79104354557876
vehID20206,400.79136392007285
vehID30397,400.02194190343175
vehID40323,394.69311368279637
vehID20208,409.4085822779744
vehID30387,415.69405919203507
vehID20203,414.42513165603884
vehID30390,400.84142998130045
vehID40313,407.61041974370755
vehID10268,402.369574396256
vehID20209,400.3096311436743
vehID30393,392.2872809090355
vehID40328,402.8866364053915
vehID10262,415.3045900599579
vehID30394,405.8113504642978
vehID40322,410.05263065481677
vehID10261,405.4390607264444
vehID30396,395.0911047917866
vehID40327,411.24101834895333
vehID10278,420.680650209869
vehID30398,398.22354886138066
vehID40325,405.6351647987251
vehID10277,420.8479925504633
vehID30392,408.07676848288554
vehID40330,414.84113231853354
vehID40331,412.0139548915249
vehID30385,402.65390683983924
vehID10266,412.99811789757047
vehID40329,408.3031372292089
vehID30388,402.1745504662017
vehID10275,396.55273140988663
vehID30399,408.44453070684517
vehID40326,410.2654637079718
vehID10273,410.57701847996566
vehID30389,404.0306423933271
vehID40324,404.0674255154098
vehID30386,413.08178520517833
vehID10276,415.0439233750294
vehID30395,392.71427278312103
vehID40338,409.51245713057665
vehID10272,416.9128469353856
vehID40339,409.8160678719331
vehID10286,414.1452254468121
vehID40332,399.4295027624664
vehID10284,421.1539191792816
vehID40337,411.9136314672678
vehID10281,409.6705899637909
vehID40335,406.20580131553544
vehID10279,410.4717532868882
vehID40340,413.7811668528777
vehID10285,420.4474005564813
vehID30391,393.09719322488183
vehID40334,414.1894935063674
vehID10282,411.71659738864764
vehID30412,412.3189769398592
vehID40336,405.00774334036925
vehID10283,410.5320728423432
vehID40341,412.18063255909465
vehID30423,403.1555084746866
vehID10274,415.2319759953971
vehID40333,396.5911179219763
vehID30410,403.64521258752916
vehID10280,396.09602098352207
vehID40348,415.580243242877
vehID30419,411.5832508640421
vehID40347,411.23371141533994
vehID10271,414.83033561702246
vehID30413,396.8830201806254
vehID40342,395.07504135756096
vehID10291,417.7907878974154
vehID30414,412.03466482151185
vehID40344,406.4117057809561
vehID30420,407.49811560044765
vehID40350,406.1114713393629
vehID10294,407.8611091992577
vehID10295,414.08195648396054
vehID30405,412.96869921235515
vehID40345,411.3496379979867
vehID40346,390.09980382827615
vehID30409,410.31652387993495
vehID10287,416.01360932390054
vehID30406,411.46946324356384
vehID10288,419.4351750953535
vehID30421,415.3298374345513
vehID10296,419.44926572612553
vehID30424,409.72090899804823
vehID10289,410.5915458957397
vehID30401,405.87122831725515
vehID10297,415.32016910326706
vehID30416,410.29331153733517
vehID10293,411.00837990319314
vehID30408,399.30034807028466
vehID10290,416.99389998706306
vehID30418,407.2286410028804
vehID10301,403.03460934600594
vehID20213,417.7828816586821
vehID30404,396.8157824474396
vehID10299,414.9720912132549
vehID20212,413.69698763359474
vehID10300,411.0845826184995
vehID30407,411.5659926327123
vehID30415,412.2425287012901
vehID20211,396.2862123018642
vehID10312,421.13581679235506
vehID30411,406.4058031560695
vehID20210,393.2198241328648
vehID30417,409.4427560020227
vehID10292,413.5155224458631
vehID10309,418.3179733036027
vehID20207,411.77735825684863
vehID30402,396.1925619514842
vehID20218,411.8140749161158
vehID30445,393.62626087511273
vehID20217,413.51407579943185
vehID30403,414.9390415794828
vehID20214,414.1452259444636
vehID30422,414.06157650157
vehID20215,418.14951403563555
vehID30450,406.40580497581846
vehID40349,413.9542955564455
vehID20220,420.38411614059305
vehID30448,407.07181634164635
vehID30434,407.225510255735
vehID20216,421.38299594684725
vehID30441,412.06082885132946
vehID40343,398.0838195397165
vehID20219,412.2263695753612
vehID20224,411.46343426204214
vehID30437,403.95933794607436
vehID30429,411.7353776616842
vehID40355,401.3019521141225
vehID20226,421.8055581693717
vehID40356,405.3949009091149
vehID30452,412.46601356646886
vehID20227,393.5025326968014
vehID40357,405.7297054255499
vehID30435,409.13777581100004
vehID20221,416.93944916183386
vehID40359,399.74788347858356
vehID30433,404.1912976256817
vehID20223,419.8187265994966
vehID40353,406.7732514700951
vehID30439,407.89976722342544
vehID40358,407.3369982355499
vehID20225,416.7037363946971
vehID30443,411.5990780344158
vehID40351,414.4154840085389
vehID20222,410.842696192978
vehID20230,418.4596778637855
vehID30440,407.14552213635795
vehID40354,404.7700862846756
vehID20232,405.62409837900765
vehID30449,407.06831336517484
vehID40352,407.7988423714422
vehID20233,410.9491884848005
vehID40366,412.7812647765943
vehID30447,411.25397095773224
vehID20236,409.43856638186
vehID30426,402.31589667329956
vehID40365,405.75120695384805
vehID20228,403.5574690066055
vehID30438,411.44136539535236
vehID40361,403.7704897308745
vehID10298,418.34460810158237
vehID30444,406.7769295823893
vehID40364,397.91723137382627
vehID10302,421.2375064786487
vehID30430,404.1255888879225
vehID40363,409.3169232426934
vehID10317,401.6532316347832
vehID30442,404.41523922473493
vehID40362,415.39644806563626
vehID10307,409.130885724379
vehID30425,410.9740355246169
vehID40360,415.0553990862238
vehID10311,402.0952964562409
vehID30432,407.7127521795843
vehID40367,408.02793910012883
vehID40368,412.44982715595415
vehID30431,403.36021376840733
vehID10316,418.27503970181044
vehID40376,403.63501687277335
vehID30436,406.5967941924555
vehID10306,420.2696710657781
vehID30446,407.83677980367787
vehID40373,415.2158130531768
vehID10314,417.66315310491535
vehID30451,410.43980164645444
vehID40372,410.6133728410269
vehID30428,398.5519303745208
vehID10313,409.18197889660166
vehID40371,406.21843118104977
vehID30427,410.32887686463414
vehID10318,421.1110388389103
vehID30462,412.7891162592704
vehID30461,401.11922679639235
vehID40370,404.3960114456393
vehID10304,409.62039380703
vehID40374,402.47139377286214
vehID40369,408.1272510977906
vehID10310,406.0164684330613
vehID10315,411.17994123887974
vehID40375,416.45903574363695
vehID40381,400.58425322408505
vehID10303,411.5723977835704
vehID40385,398.2783345476888
vehID10305,413.40613072463304
vehID40383,413.5730044738271
vehID10308,417.23598562850134
vehID30478,406.3605784930796
vehID40380,403.7667998212972
vehID10319,417.13200605192293
vehID30475,405.42597831830994
vehID30470,405.689673439323
vehID40382,396.35012698238955
vehID10333,421.9828700779216
vehID40379,413.5383405112193
vehID30476,410.65199228593383
vehID10325,420.9239310811672
vehID30472,409.9994466959204
vehID40384,416.6359680763417
vehID40377,403.8522426386585
vehID10323,412.5809821660491
vehID30469,401.75416229955687
vehID40388,406.8827697287546
vehID40378,404.95809525162474
vehID10324,414.8461290986577
vehID30459,412.6776252543361
vehID40392,409.1249341401883
vehID10322,415.90762050704836
vehID40391,407.2325409866145
vehID30466,406.2771048060098
vehID10320,410.01559220205564
vehID30471,411.94158231954486
vehID10330,419.37888764513275
vehID30458,407.0217576579612
vehID30477,412.2299077313813
vehID10331,409.93943132830304
vehID30463,411.79894476801235
vehID10334,415.0519455475982
vehID30465,410.04920344380344
vehID10329,411.4197434705583
vehID10332,413.6673572868831
vehID30454,415.16518386067537
vehID10328,395.53377322159747
vehID30479,399.09886088495523
vehID10326,414.252257629102
vehID30456,414.104938134689
vehID10321,411.3723107889209
vehID30480,400.4323211056635
vehID10327,407.238028494379
vehID30464,403.2260507066893
vehID10349,416.7705713625422
vehID30453,410.19548890223075
vehID20235,396.385157623169
vehID10338,416.93105625761166
vehID30473,408.17728875704404
vehID10336,390.48160995119474
vehID20234,412.2886510022768
vehID30467,411.70659962146226
vehID20237,414.67756502214655
vehID30455,396.1149549976948
vehID20229,415.2359758979053
vehID30468,415.20661335172383
vehID30457,413.2359248229167
vehID20231,398.78660293035193
vehID30474,396.6236274805166
vehID20244,402.831668900215
vehID30501,415.3169451074549
vehID20240,415.4625086940413
vehID30460,403.47429401051875
vehID20239,396.22387868290843
vehID30496,405.31498188289925
vehID20241,419.2371642864656
vehID30489,410.00278179124757
vehID20242,409.27545890139277
vehID30481,405.5547379538625
vehID20238,408.391624109524
vehID20243,413.93498175888897
vehID30498,409.2660275933821
vehID40386,414.42132346242727
vehID20251,408.8405700684748
vehID20245,393.1108971789363
vehID30485,412.6538956646076
vehID40390,395.172293899176
vehID20246,399.75764215772597
vehID30497,412.43391272051826
vehID40394,410.2389438944548
vehID20248,411.103428092262
vehID30486,412.58960546599803
vehID40387,414.0934942071706
vehID20247,417.41015126361765
vehID30510,403.4897285574709
vehID40393,406.18813111280804
vehID40389,411.45011453037705
vehID10342,421.54013528330836
vehID40403,406.31230391651536
vehID20258,406.05809689166983
vehID30483,404.772634301921
vehID20250,408.86480462861346
vehID40395,404.25087557012057
vehID30488,410.7461225256782
vehID20249,417.0551568057254
vehID40402,410.0815029464386
vehID30487,409.4344088690133
vehID20254,410.8834342304774
vehID30514,414.87589670595526
vehID40399,406.21146735801864
vehID20252,414.78170205920867
vehID30482,410.1497826027562
vehID20257,420.3256424599084
vehID40397,398.5572007065682
vehID30499,413.3986048047185
vehID20259,419.7587118747124
vehID30513,413.87935216191295
vehID40400,402.312400495308
vehID30506,413.8040753250351
vehID20255,405.79413664221266
vehID10346,401.5687515884989
vehID20256,418.1929734530099
vehID40401,411.8412675431714
vehID30493,405.47610354905214
vehID40398,412.94698249732926
vehID10340,420.90293314703854
vehID20253,415.64735828276685
vehID30511,404.9025609228476
vehID40396,413.93489109187067
vehID10343,410.76796350047414
vehID30503,416.002221808788
vehID30515,412.6494957385389
vehID40413,405.3526940567777
vehID30495,411.3036431125254
vehID10345,421.9809979765544
vehID40411,403.61911450681964
vehID30502,397.9032882719291
vehID10335,401.65999093963876
vehID30505,414.2254111931731
vehID40409,414.79512942210994
vehID30504,404.0154990485381
vehID40410,409.3677234075727
vehID10341,417.43017834935995
vehID40408,404.57699644694867
vehID10337,412.44049957744915
vehID40404,399.0951549271422
vehID10350,406.4443605900765
vehID40412,409.7675081805753
vehID40406,407.4982829974696
vehID10344,404.39540499228707
vehID40405,403.0723606397977
vehID10339,416.63396326410134
vehID40407,409.23696056926065
vehID10348,421.36429677787726
vehID40418,405.2607650828421
vehID10367,416.1188187828475
vehID10347,399.1943362525848
vehID40416,402.53845772636
vehID40422,394.6436069022108
vehID10365,407.18745634816366
vehID10361,418.5903484083778
vehID40421,405.7985716291271
vehID10366,419.47735094408165
vehID40420,412.1892887447339
vehID40417,407.6424833362255
vehID10354,409.38609802379426
vehID30494,407.8516722832476
vehID40414,415.06497426356447
vehID40415,411.24198135079996
vehID10356,411.5268372620626
vehID30512,407.00756979840423
vehID40419,407.18503036075094
vehID10357,421.6720499436821
vehID30490,401.88032073068786
vehID40433,401.19105339428995
vehID10351,417.3306141517386
vehID40425,410.92859446151044
vehID30492,405.68210794048093
vehID40424,413.7603584876767
vehID10363,412.6429868648574
vehID30508,413.537312144516
vehID40426,415.0391429378808
vehID10353,418.6089697044505
vehID40430,403.9848697683053
vehID30500,415.04755573715073
vehID10364,415.01209244661214
vehID30484,409.3380718776531
vehID40423,402.0616088560057
vehID10358,421.5505209018038
vehID30507,408.0334880912911
vehID10359,399.25241184235256
vehID30509,415.021291604189
vehID10355,407.10993123470456
vehID30491,403.1935909400361
vehID10362,419.5162839880745
vehID30528,404.39556771767457
vehID30519,409.3394017840138
vehID10352,407.98974214353757
vehID30549,403.38459267547535
vehID10377,390.6194611963811
vehID30542,414.5434820069577
vehID10360,393.7268337798537
vehID30535,414.77241535808264
vehID10376,414.3819123942793
vehID30529,407.59370898676934
vehID10368,421.6196264707872
vehID30545,404.3447287699246
vehID20261,392.28474583890113
vehID10381,414.5151321032413
vehID10380,417.0590135826183
vehID30553,404.9592444672174
vehID20260,415.2890620056944
vehID10379,418.49123181617557
vehID20262,413.4908223031937
vehID30517,409.9806188454096
vehID10373,408.6868288381338
vehID20265,400.32531883133987
vehID30554,415.44339475560264
vehID20263,415.2458934751327
vehID30521,393.410912982259
vehID20264,401.48566137615825
vehID30526,411.86563754862755
vehID20266,415.94368486254564
vehID30536,404.92836274651677
vehID20272,416.71232941875473
vehID30522,399.943259843959
vehID20275,398.7287404146706
vehID30547,404.0480007796103
vehID20273,413.9986056107899
vehID30540,407.42780731993173
vehID20276,394.7209187901789
vehID30530,414.5051226427192
vehID40428,404.0988537734954
vehID20268,410.1298686363789
vehID20269,419.16774385867734
vehID30523,402.8261907335089
vehID20274,398.9733893563784
vehID30552,404.19395079347646
vehID20271,412.24050461491186
vehID30520,415.4072418405547
vehID40432,406.1269126972055
vehID30555,393.43740508825306
vehID20267,414.2302392222968
vehID40427,398.48838372336905
vehID30518,409.12755074603683
vehID20270,400.23368119386066
vehID40429,412.63108082099654
vehID30538,409.26470669985656
vehID20283,414.0369720578961
vehID40431,408.0083155079079
vehID20277,395.07137163568854
vehID30539,415.13869558194585
vehID40446,411.3324148939271
vehID20281,408.3377932272439
vehID30537,404.3999763590866
vehID20284,416.71119589630223
vehID40439,400.32474515924844
vehID30527,412.6776670946567
vehID20280,421.5774456952819
vehID40441,390.2696382268232
vehID30546,407.65363107140297
vehID20282,421.50466042114715
vehID40444,400.75520353496256
vehID20285,413.2168789481391
vehID30544,400.8479715178231
vehID40435,411.51265540343167
vehID20279,397.9983968606168
vehID30516,404.28647771190606
vehID40434,400.87580996569693
vehID20278,416.19367730274655
vehID30534,410.9782321954169
vehID40437,406.0804245189645
vehID40442,401.7766531028566
vehID30550,414.4509014644774
vehID40440,412.82634378387104
vehID30532,415.5006609013403
vehID10371,408.11007289368797
vehID40436,401.2398789505702
vehID30533,414.24680947481806
vehID10384,413.5996045123818
vehID40445,406.7043855604784
vehID30548,405.1904526158885
vehID10370,398.0455878132352
vehID40443,393.95815696827884
vehID30525,408.17845232579367
vehID10382,411.4061709604994
vehID40448,415.2365459229401
vehID30524,404.52486439771224
vehID10369,415.18422785533517
vehID40463,411.74092715883853
vehID10374,394.80687324966476
vehID30551,409.3426843804441
vehID30543,412.4021179684696
vehID10378,411.1807528137535
vehID40438,405.615905374558
vehID30541,415.2158471112313
vehID10375,398.7376905520699
vehID40449,409.7679988145747
vehID30579,406.31870718730784
vehID30531,413.3413179660564
vehID10372,413.9420442534272
vehID30586,391.9698013266358
vehID40457,413.36127140200153
vehID40455,397.761274268388
vehID10383,409.881801030616
vehID30575,404.0073325529138
vehID30561,416.0293454483455
vehID40462,414.0140777248294
vehID10397,420.1768278191953
vehID30560,399.0453562772169
vehID40456,406.37519936421916
vehID10389,411.43354685515885
vehID40447,403.10548218441886
vehID10386,395.4730155270502
vehID40453,411.01168132145705
vehID10396,413.08916200626913
vehID40461,405.8296076476642
vehID10393,412.7288284638536
vehID30566,405.5695311653834
vehID10390,409.03160996757924
vehID40459,402.45157792633506
vehID30593,409.21214638867326
vehID10395,415.0334001657408
vehID40460,413.13207310734094
vehID30557,414.94190033166495
vehID40451,403.5798780032568
vehID40452,403.22648526894005
vehID10387,414.0616492709347
vehID30574,405.0875930673425
vehID30562,414.5032208732731
vehID40458,411.75954374446906
vehID10391,416.85856298993906
vehID40475,413.9686983413492
vehID30559,411.56337187374993
vehID10392,402.91009026882693
vehID40467,407.9408583032535
vehID30577,415.2411993320843
vehID40454,403.88894770113984
vehID10388,418.29643478360146
vehID30581,410.23746299301314
vehID40474,409.7727533418789
vehID10394,408.38663956358846
vehID40450,414.8336506841944
vehID30568,409.3045636734654
vehID40479,415.14679848296305
vehID10385,417.62310761670085
vehID30580,405.43335952716154
vehID40466,412.07537509016595
vehID10410,412.52291821778965
vehID40468,408.1469749816433
vehID30569,408.71306883660264
vehID10398,418.0745125116025
vehID30570,410.2731119507175
vehID10411,414.5594277708632
vehID30564,391.4317174512927
vehID10402,400.44933386766525
vehID30572,407.37542987782274
vehID10401,401.86767714111954
vehID30591,409.853963292781
vehID10407,416.79399695175243
vehID10403,416.3925159116334
vehID30565,412.6423788997051
vehID30584,412.24396226248155
vehID10409,405.21569135565926
vehID20290,407.3105910549692
vehID10408,411.2267247900777
vehID20291,411.9986018442276
vehID30567,411.1743682356069
vehID10405,414.95811234145856
vehID20288,413.1717008934713
vehID30576,402.2131920887647
vehID20287,412.38599004006903
vehID30578,404.23165614009406
vehID20286,406.13281886227105
vehID30571,399.48409564765115
vehID20292,410.51877994988956
vehID30583,412.57492392755387
vehID30589,406.7901133728584
vehID20289,416.6342010966494
vehID30563,407.52125615830187
vehID20296,416.81440132752573
vehID30582,411.10446830906847
vehID30573,406.7261243940021
vehID20293,416.1019053408147
vehID30558,399.815491779917
vehID20294,406.6467266382638
vehID30590,410.54493782170397
vehID20298,410.79164112862156
vehID30556,401.18028261892334
vehID20299,414.4302187670945
vehID30588,409.4769870603108
vehID20300,418.8332769665417
vehID30598,409.7100479476078
vehID40470,405.64151516656915
vehID20295,421.3963792751489
vehID30617,393.7098374575922
vehID40477,408.4341027098594
vehID20297,413.09288864988014
vehID30585,412.807460964436
vehID40465,413.6250537659598
vehID20304,414.17693602145005
vehID30587,406.4845572077776
vehID20306,398.53134015250976
vehID30592,402.8076750828807
vehID40472,412.3144850622727
vehID20305,408.5740654973674
vehID30612,411.84298034843766
vehID40480,404.37670372119476
vehID40464,393.96101504498074
vehID20301,413.1940547231968
vehID30594,405.74666472675756
vehID40476,403.77698173248604
vehID20307,412.27362794161763
vehID30608,389.32782326726647
vehID40478,408.44936481092174
vehID20302,410.62520087899725
vehID30602,409.08727157333294
vehID30605,415.5069308422502
vehID40471,410.18772082380247
vehID20303,406.94748867124315
vehID30616,399.00941060709016
vehID40469,413.99173330148926
vehID20313,411.7102704490526
vehID30611,409.10636451212895
vehID40473,414.1135925910012
vehID20312,415.57302184737813
vehID30624,412.1742005759597
vehID20315,394.51473804756506
vehID40489,406.8081777365147
vehID30618,407.5684931488364
vehID10400,417.0294093872801
vehID30607,410.97459678384104
vehID40491,396.28141604873355
vehID10406,401.431488364787
vehID30596,412.3724301988249
vehID40486,415.1101824840532
vehID30609,394.599012697483
vehID40490,405.4568208323483
vehID10399,405.4273646081099
vehID30600,399.4074181694119
vehID40494,414.62442979044476
vehID10419,420.77812298149763
vehID30614,414.71606750958915
vehID40492,416.0752391093182
vehID40481,412.9772053350482
vehID30601,401.95826003450316
vehID10404,410.8339394297901
vehID40485,404.16246860380215
vehID10429,417.04051232724424
vehID40496,415.3110885377601
vehID10423,413.2439361110514
vehID40499,405.70911269879736
vehID10425,409.88885094277725
vehID40497,410.44791421220384
vehID10414,413.35970193927506
vehID40487,404.2380356770234
vehID10424,412.58981943161075
vehID40483,388.9158615401873
vehID10417,413.890316264707
vehID10412,410.89351427501003
vehID40500,412.900355833709
vehID10422,393.0078832354001
vehID40493,412.6198102144782
vehID10427,395.34831844528685
vehID30604,414.1345365681516
vehID40484,403.89116251101893
vehID30613,394.1524200970476
vehID10418,414.87791120585456
vehID40495,403.27787392256835
vehID10420,411.20040988669496
vehID40482,409.2420979776101
vehID10413,417.67957638217194
vehID40528,413.42269569674545
vehID10421,338.90988539858097
vehID40513,407.73825500960197
vehID30615,398.7775568214123
vehID10428,316.12170589185894
vehID40498,414.58728054656444
vehID30620,411.91750115242013
vehID10426,419.06289814020863
vehID40488,401.70115544170733
vehID30621,415.1279783839875
vehID40509,391.070631031263
vehID10415,280.58392233010267
vehID30603,405.30182458210123
vehID30610,401.93921075886465
vehID40504,402.54394694098994
vehID10416,336.1933653339553
vehID40530,414.6763356351502
vehID30595,392.85048553813704
vehID40529,405.7035132880792
vehID10439,309.6349467633247
vehID30619,416.3822622171349
vehID40506,193.89893757060224
vehID10436,270.90904043239277
vehID30623,403.4074500044625
vehID40522,403.95073203224155
vehID10435,286.71499121948636
vehID40518,403.49434850833205
vehID30599,397.0528802253265
vehID40519,357.44549764054614
vehID10430,237.44355806650435
vehID40525,410.5008933732151
vehID30597,395.13079300644597
vehID10432,264.5742067295785
vehID40512,414.5711793289928
vehID30622,406.72331620353316
vehID10433,216.4741477074578
vehID30606,404.11752461712706
vehID10438,242.29572647751434
vehID30652,399.49484735714105
vehID10441,206.77512159242855
vehID30659,407.3282142298511
vehID10443,193.35036007440826
vehID30661,412.6072012530892
vehID10440,173.43482318998875
vehID20308,420.76832304371237
vehID30626,415.2095744436412
vehID10434,190.41316284606765
vehID10442,174.73699763388413
vehID20314,193.89895610112788
vehID30657,411.4142704074953
vehID30649,414.97701508192057
vehID20310,397.4385011712109
vehID30636,406.1233932313417
vehID20311,186.3979464292455
vehID30642,405.073284094819
vehID30662,409.9458157419432
vehID20309,193.89898486022994
vehID30658,409.8978338407991
vehID20319,178.89691899806252
vehID30653,415.42933577355507
vehID20320,186.39793092436025
vehID30645,413.2442878818872
vehID20317,178.89692157113663
vehID30631,406.3824463566337
vehID20321,171.39590945607117
vehID30660,403.4999683010599
vehID20322,171.39585240158772
vehID30643,402.41513817345094
vehID20316,163.89482497285223
vehID30654,410.8286675990083
vehID20318,156.39374911837876
vehID30634,414.64502863880546
vehID40515,409.68547039756817
vehID30630,193.8989521108167
vehID20323,163.89488159456778
vehID30638,408.5241337111818
vehID40526,193.89894630841644
vehID20327,156.39379887382137
vehID30640,396.49904205443363
vehID40523,399.41895854661266
vehID20330,148.89275642744883
vehID30629,193.89898692369488
vehID40521,412.63041938444724
vehID20332,148.89265125286005
vehID30639,410.25209451306944
vehID40508,186.39791701898113
vehID20325,141.39167482434812
vehID20328,141.39163854881923
vehID30644,186.39795050055915
vehID40510,386.1210202252063
vehID30648,414.9739030944372
vehID20331,133.89058872687534
vehID40520,178.89684278690848
vehID30656,186.3979145926209
vehID20324,133.8906660381548
vehID40517,186.39788228836144
vehID30641,406.13464668648095
vehID40503,171.39576607332037
vehID20326,126.38965038529568
vehID30650,178.8969072988227
vehID40514,193.89896251125273
vehID20333,126.38951380392896
vehID30635,193.89898407348898
vehID40505,178.89683259596598
vehID20329,118.88858695335973
vehID40501,171.39581127416577
vehID40527,163.89474752518586
vehID30655,178.89695003433025
vehID20334,118.88842628153859
vehID40524,163.8947711081882
vehID30632,171.39589628017447
vehID40502,186.39794016876434
vehID20335,111.387529805296
vehID10431,153.2653973963214
vehID20341,103.88647206404882
vehID30637,171.3958583348143
vehID40511,178.89692614285448
vehID20339,111.38741288908437
vehID10437,135.8491076796639
vehID30647,163.89489358495317
vehID40516,156.39373007844003
vehID10453,157.3785314430995
vehID30646,186.39797185090035
vehID40507,156.39376860855532
vehID40563,171.39588834101463
vehID10444,139.12351937696081
vehID30625,163.89482350545063
vehID30633,178.89693014820747
vehID40543,148.89267899944363
vehID10459,125.29994608427882
vehID10457,123.64416532712593
vehID30627,156.39389268102818
vehID40567,141.39145590891803
vehID10461,114.20208851063099
vehID30628,156.39375337258875
vehID40534,163.89483004858587
vehID30686,171.39584093495625
vehID10452,104.50447718385898
vehID40535,133.88867375957327
vehID30651,148.8928840529679
vehID10445,113.09346564138298
vehID40558,126.38257544744278
vehID30677,141.39188354686652
vehID10456,96.4093030847318
vehID40556,118.76795012042443
vehID30665,148.89269666316406
vehID10451,104.53381514534502
vehID30671,163.8947552436622
vehID30694,141.39169103543202
vehID40532,148.89242037257324
vehID10448,96.419129214312
vehID40546,156.39367922508833
vehID10454,88.88456246735937
vehID40553,141.39091671595025
vehID10455,81.38350150231166
vehID30692,133.89064750536195
vehID40566,110.96424996569965
vehID10450,88.88441272601314
vehID30668,148.8927465639059
vehID40545,133.88576417536137
vehID40550,126.37312232928349
vehID10460,73.8824164744525
vehID40569,148.89050210836774
vehID40541,141.3843835940787
vehID10447,81.38338429020334
vehID30673,156.39374832085608
vehID40568,133.85964221871163
vehID10458,73.88238108576705
vehID30675,141.39174609945022
vehID40549,118.78843366214285
vehID10477,66.38137801985673
vehID40540,102.73725977948958
vehID30684,133.8908202668224
vehID10446,66.38137938790324
vehID40552,126.23531277724732
vehID30689,133.89074024331103
vehID40559,110.89013548443558
vehID10449,58.880372502466855
vehID30676,126.3897921422631
vehID10464,58.880299078542336
vehID30679,126.38971808269733
vehID40554,94.55154740698302
vehID10472,51.37924958940726
vehID10469,51.379368493500195
vehID30664,118.88871148738001
vehID10470,43.87832577824723
vehID30682,111.38768464645597
vehID10463,43.87820069870622
vehID30681,103.88664459091332
vehID10462,36.37730213441539
vehID30685,126.38958236039056
vehID10475,36.37712580679442
vehID30687,96.38558553185953
vehID10467,28.87621236375832
vehID30667,118.88871287110425
vehID10473,28.876125569827025
vehID30690,118.88856850884987
vehID10474,21.3751992442066
vehID30683,111.3875471088495
vehID30678,111.38768372244068
vehID10471,21.375083740208083
vehID10465,13.874156384377004
vehID20338,103.88631997984257
vehID30691,103.88666883623779
vehID10468,13.874044728542016
vehID30670,88.88455847782365
vehID20340,96.38529249547089
vehID10476,6.3731066920204675
vehID30674,103.88653699399167
vehID20342,96.38546864967442
vehID20336,88.88425906962135
vehID30693,96.38566779436339
vehID20337,88.88445039076008
vehID30669,96.38544649268093
vehID20349,81.38322907532948
vehID30680,88.88466630005522
vehID20352,81.38344278998666
vehID30666,81.3834611325965
vehID20346,73.88219419209773
vehID40561,102.7901135929922
vehID30695,88.88440353745187
vehID20350,73.88235039142178
vehID30663,73.88236327761196
vehID20348,66.38115446699837
vehID30688,66.3813237968692
vehID20353,66.38134457277984
vehID20347,58.88013084477253
vehID30672,81.38337802336854
vehID30705,81.38365466625055
vehID40531,118.23036215383082
vehID20351,58.880295505484185
vehID30721,58.88025684025845
vehID40542,110.11134607888057
vehID20344,51.37894158443177
vehID30712,73.87627572839224
vehID40564,92.95876803369978
vehID20343,51.25050855844824
vehID30723,62.113899923284215
vehID40544,64.89532780202413
vehID40539,54.74217167782704
vehID20345,38.75153483715574
vehID20361,26.060301011521368
vehID30703,28.70787691383157
vehID40536,19.352768869604915
vehID40570,13.573934221244416
vehID20360,5.413850997877306
vehID30710,6.511416206276044
vehID40555,0.0
vehID0,0
vehID1,0
vehID2,0
vehID3,0
vehID4,0
vehID5,0
vehID6,0
vehID7,0
vehID8,0
vehID9,0
vehID10,0
vehID11,0
vehID12,0
vehID13,0
vehID14,0
vehID15,0
vehID16,0
vehID17,0
vehID18,0
vehID19,0
vehID20,0
vehID21,0
vehID22,0
vehID23,0
vehID24,0
vehID25,0
vehID26,0
vehID27,0
vehID28,0
vehID29,0
vehID30,0
vehID31,0
vehID32,0
vehID33,0
vehID34,0
vehID35,0
vehID36,0
vehID37,0
vehID38,0
vehID39,0
vehID40,0
vehID41,0
vehID42,0
vehID43,0
vehID44,0
vehID45,0
vehID46,0
vehID47,0
vehID48,0
vehID49,0
vehID50,0
vehID51,0
vehID52,0
vehID53,0
vehID54,0
vehID55,0
vehID56,0
vehID57,0
vehID58,0
vehID59,0
vehID60,0
vehID61,0
vehID62,0
vehID63,0
vehID64,0
vehID65,0
vehID66,0
vehID67,0
vehID68,0
vehID69,0
vehID70,0
vehID71,0
vehID72,0
vehID73,0
vehID74,0
vehID75,0
vehID76,0
vehID77,0
vehID78,0
vehID79,0
vehID80,0
vehID81,0
vehID82,0
vehID83,0
vehID84,0
vehID85,0
vehID86,0
vehID87,0
vehID88,0
vehID89,0
vehID90,0
vehID91,0
vehID92,0
vehID93,0
vehID94,0
vehID95,0
vehID96,0
vehID97,0
vehID98,0
vehID99,0
vehID100,0
vehID101,0
vehID102,0
vehID103,0
vehID104,0
vehID105,0
vehID106,0
vehID107,0
vehID108,0
vehID109,0
vehID110,0
vehID111,0
vehID112,0
vehID113,0
vehID114,0
vehID115,0
vehID116,0
vehID117,0
vehID118,0
vehID119,0
vehID120,0
vehID121,0
vehID122,0
vehID123,0
vehID124,0
vehID125,0
vehID126,0
vehID127,0
vehID128,0
vehID129,0
vehID130,0
vehID131,0
vehID132,0
vehID133,0
vehID134,0
vehID135,0
vehID136,0
vehID137,0
vehID138,0
vehID139,0
vehID140,0
vehID141,0
vehID142,0
vehID143,0
vehID144,0
vehID145,0
vehID146,0
vehID147,0
vehID148,0
vehID149,0
vehID150,0
vehID151,0
vehID152,0
vehID153,0
vehID154,0
vehID155,0
vehID156,0
vehID157,0
vehID158,0
vehID159,0
vehID160,0
vehID161,0
vehID162,0
vehID163,0
vehID164,0
vehID165,0
vehID166,0
vehID167,0
vehID168,0
vehID169,0
vehID170,0
vehID171,0
vehID172,0
vehID173,0
vehID174,0
vehID175,0
vehID176,0
vehID177,0
vehID178,0
vehID179,0
vehID180,0
vehID181,0
vehID182,0
vehID183,0
vehID184,0
vehID185,0
vehID186,0
vehID187,0
vehID188,0
vehID189,0
vehID190,0
vehID191,0
vehID192,0
vehID193,0
vehID194,0
vehID195,0
vehID196,0
vehID197,0
vehID198,0
vehID199,0
vehID200,0
vehID201,0
vehID202,0
vehID203,0
vehID204,0
vehID205,0
vehID206,0
vehID207,0
vehID208,0
vehID209,0
vehID210,0
vehID211,0
vehID212,0
vehID213,0
vehID214,0
vehID215,0
vehID216,0
vehID217,0
vehID218,0
vehID219,0
vehID220,0
vehID221,0
vehID222,0
vehID223,0
vehID224,0
vehID225,0
vehID226,0
vehID227,0
vehID228,0
vehID229,0
vehID230,0
vehID231,0
vehID232,0
vehID233,0
vehID234,0
vehID235,0
vehID236,0
vehID237,0
vehID238,0
vehID239,0
vehID240,0
vehID241,0
vehID242,0
vehID243,0
vehID244,0
vehID245,0
vehID246,0
vehID247,0
vehID248,0
vehID249,0
vehID250,0
vehID251,0
vehID252,0
vehID253,0
vehID254,0
vehID255,0
vehID256,0
vehID257,0
vehID258,0
vehID259,0
vehID260,0
vehID261,0
vehID262,0
vehID263,0
vehID264,0
vehID265,0
vehID266,0
vehID267,0
vehID268,0
vehID269,0
vehID270,0
vehID271,0
vehID272,0
vehID273,0
vehID274,0
vehID275,0
vehID276,0
vehID277,0
vehID278,0
vehID279,0
vehID280,0
vehID281,0
vehID282,0
vehID283,0
vehID284,0
vehID285,0
vehID286,0
vehID287,0
vehID288,0
vehID289,0
vehID290,0
vehID291,0
vehID292,0
vehID293,0
vehID294,0
vehID295,0
vehID296,0
vehID297,0
vehID298,0
vehID299,0
vehID300,0
vehID301,0
vehID302,0
vehID303,0
vehID304,0
vehID305,0
vehID306,0
vehID307,0
vehID308,0
vehID309,0
vehID310,0
vehID311,0
vehID312,0
vehID313,0
vehID314,0
vehID315,0
vehID316,0
vehID317,0
vehID318,0
vehID319,0
vehID320,0
vehID321,0
vehID322,0
vehID323,0
vehID324,0
vehID325,0
vehID326,0
vehID327,0
vehID328,0
vehID329,0
vehID330,0
vehID331,0
vehID332,0
vehID333,0
vehID334,0
vehID335,0
vehID336,0
vehID337,0
vehID338,0
vehID339,0
vehID340,0
vehID341,0
vehID342,0
vehID343,0
vehID344,0
vehID345,0
vehID346,0
vehID347,0
vehID348,0
vehID349,0
vehID350,0
vehID351,0
vehID352,0
vehID353,0
vehID354,0
vehID355,0
vehID356,0
vehID357,0
vehID358,0
vehID359,0
vehID360,0
vehID361,0
vehID362,0
vehID363,0
vehID364,0
vehID365,0
vehID366,0
vehID367,0
vehID368,0
vehID369,0
vehID370,0
vehID371,0
vehID372,0
vehID373,0
vehID374,0
vehID375,0
vehID376,0
vehID377,0
vehID378,0
vehID379,0
vehID380,0
vehID381,0
vehID382,0
vehID383,0
vehID384,0
vehID385,0
vehID386,0
vehID387,0
vehID388,0
vehID389,0
vehID390,0
vehID391,0
vehID392,0
vehID393,0
vehID394,0
vehID395,0
vehID396,0
vehID397,0
vehID398,0
vehID399,0
vehID400,0
vehID401,0
vehID402,0
vehID403,0
vehID404,0
vehID405,0
vehID406,0
vehID407,0
vehID408,0
vehID409,0
vehID410,0
vehID411,0
vehID412,0
vehID413,0
vehID414,0
vehID415,0
vehID416,0
vehID417,0
vehID418,0
vehID419,0
vehID420,0
vehID421,0
vehID422,0
vehID423,0
vehID424,0
vehID425,0
vehID426,0
vehID427,0
vehID428,0
vehID429,0
vehID430,0
vehID431,0
vehID432,0
vehID433,0
vehID434,0
vehID435,0
vehID436,0
vehID437,0
vehID438,0
vehID439,0
vehID440,0
vehID441,0
vehID442,0
vehID443,0
vehID444,0
vehID445,0
vehID446,0
vehID447,0
vehID448,0
vehID449,0
vehID450,0
vehID451,0
vehID452,0
vehID453,0
vehID454,0
vehID455,0
vehID456,0
vehID457,0
vehID458,0
vehID459,0
vehID460,0
vehID461,0
vehID462,0
vehID463,0
vehID464,0
vehID465,0
vehID466,0
vehID467,0
vehID468,0
vehID469,0
vehID470,0
vehID471,0
vehID472,0
vehID473,0
vehID474,0
vehID475,0
vehID476,0
vehID477,0
vehID478,0
vehID479,0
vehID480,0
vehID481,0
vehID482,0
vehID483,0
vehID484,0
vehID485,0
vehID486,0
vehID487,0
vehID488,0
vehID489,0
vehID490,0
vehID491,0
vehID492,0
vehID493,0
vehID494,0
vehID495,0
vehID496,0
vehID497,0
vehID498,0
vehID499,0
vehID500,0
vehID501,0
vehID502,0
vehID503,0
vehID504,0
vehID505,0
vehID506,0
vehID507,0
vehID508,0
vehID509,0
vehID510,0
vehID511,0
vehID512,0
vehID513,0
vehID514,0
vehID515,0
vehID516,0
vehID517,0
vehID518,0
vehID519,0
vehID520,0
vehID521,0
vehID522,0
vehID523,0
vehID524,0
vehID525,0
vehID526,0
vehID527,0
vehID528,0
vehID529,0
vehID530,0
vehID531,0
vehID532,0
vehID533,0
vehID534,0
vehID535,0
vehID536,0
vehID537,0
vehID538,0
vehID539,0
vehID540,0
vehID541,0
vehID542,0
vehID543,0
vehID544,0
vehID545,0
vehID546,0
vehID547,0
vehID548,0
vehID549,0
vehID550,0
vehID551,0
vehID552,0
vehID553,0
vehID554,0
vehID555,0
vehID556,0
vehID557,0
vehID558,0
vehID559,0
vehID560,0
vehID561,0
vehID562,0
vehID563,0
vehID564,0
vehID565,0
vehID566,0
vehID567,0
vehID568,0
vehID569,0
vehID570,0
vehID571,0
vehID572,0
vehID573,0
vehID574,0
vehID575,0
vehID576,0
vehID577,0
vehID578,0
vehID579,0
vehID580,0
vehID581,0
vehID582,0
vehID583,0
vehID584,0
vehID585,0
vehID586,0
vehID587,0
vehID588,0
vehID589,0
vehID590,0
vehID591,0
vehID592,0
vehID593,0
vehID594,0
vehID595,0
vehID596,0
vehID597,0
vehID598,0
vehID599,0
vehID600,0
vehID601,0
vehID602,0
vehID603,0
vehID604,0
vehID605,0
vehID606,0
vehID607,0
vehID608,0
vehID609,0
vehID610,0
vehID611,0
vehID612,0
vehID613,0
vehID614,0
vehID615,0
vehID616,0
vehID617,0
vehID618,0
vehID619,0
vehID620,0
vehID621,0
vehID622,0
vehID623,0
vehID624,0
vehID625,0
vehID626,0
vehID627,0
vehID628,0
vehID629,0
vehID630,0
vehID631,0
vehID632,0
vehID633,0
vehID634,0
vehID635,0
vehID636,0
vehID637,0
vehID638,0
vehID639,0
vehID640,0
vehID641,0
vehID642,0
vehID643,0
vehID644,0
vehID645,0
vehID646,0
vehID647,0
vehID648,0
vehID649,0
vehID650,0
vehID651,0
vehID652,0
vehID653,0
vehID654,0
vehID655,0
vehID656,0
vehID657,0
vehID658,0
vehID659,0
vehID660,0
vehID661,0
vehID662,0
vehID663,0
vehID664,0
vehID665,0
vehID666,0
vehID667,0
vehID668,0
vehID669,0
vehID670,0
vehID671,0
vehID672,0
vehID673,0
vehID674,0
vehID675,0
vehID676,0
vehID677,0
vehID678,0
vehID679,0
vehID680,0
vehID681,0
vehID682,0
vehID683,0
vehID684,0
vehID685,0
vehID686,0
vehID687,0
vehID688,0
vehID689,0
vehID690,0
vehID691,0
vehID692,0
vehID693,0
vehID694,0
vehID695,0
vehID696,0
vehID697,0
vehID698,0
vehID699,0
vehID700,0
vehID701,0
vehID702,0
vehID703,0
vehID704,0
vehID705,0
vehID706,0
vehID707,0
vehID708,0
vehID709,0
vehID710,0
vehID711,0
vehID712,0
vehID713,0
vehID714,0
vehID715,0
vehID716,0
vehID717,0
vehID718,0
vehID719,0
vehID720,0
vehID721,0
vehID722,0
vehID723,0
vehID724,0
vehID725,0
vehID726,0
vehID727,0
vehID728,0
vehID729,0
vehID730,0
vehID731,0
vehID732,0
vehID733,0
vehID734,0
vehID735,0
vehID736,0
vehID737,0
vehID738,0
vehID739,0
vehID740,0
vehID741,0
vehID742,0
vehID743,0
vehID744,0
vehID745,0
vehID746,0
vehID747,0
vehID748,0
vehID749,0
vehID750,0
vehID751,0
vehID752,0
vehID753,0
vehID754,0
vehID755,0
vehID756,0
vehID757,0
vehID758,0
vehID759,0
vehID760,0
vehID761,0
vehID762,0
vehID763,0
vehID764,0
vehID765,0
vehID766,0
vehID767,0
vehID768,0
vehID769,0
vehID770,0
vehID771,0
vehID772,0
vehID773,0
vehID774,0
vehID775,0
vehID776,0
vehID777,0
vehID778,0
vehID779,0
vehID780,0
vehID781,0
vehID782,0
vehID783,0
vehID784,0
vehID785,0
vehID786,0
vehID787,0
vehID788,0
vehID789,0
vehID790,0
vehID791,0
vehID792,0
vehID793,0
vehID794,0
vehID795,0
vehID796,0
vehID797,0
vehID798,0
vehID799,0
vehID800,0
vehID801,0
vehID802,0
vehID803,0
vehID804,0
vehID805,0
vehID806,0
vehID807,0
vehID808,0
vehID809,0
vehID810,0
vehID811,0
vehID812,0
vehID813,0
vehID814,0
vehID815,0
vehID816,0
vehID817,0
vehID818,0
vehID819,0
vehID820,0
vehID821,0
vehID822,0
vehID823,0
vehID824,0
vehID825,0
vehID826,0
vehID827,0
vehID828,0
vehID829,0
vehID830,0
vehID831,0
vehID832,0
vehID833,0
vehID834,0
vehID835,0
vehID836,0
vehID837,0
vehID838,0
vehID839,0
vehID840,0
vehID841,0
vehID842,0
vehID843,0
vehID844,0
vehID845,0
vehID846,0
vehID847,0
vehID848,0
vehID849,0
vehID850,0
vehID851,0
vehID852,0
vehID853,0
vehID854,0
vehID855,0
vehID856,0
vehID857,0
vehID858,0
vehID859,0
vehID860,0
vehID861,0
vehID862,0
vehID863,0
vehID864,0
vehID865,0
vehID866,0
vehID867,0
vehID868,0
vehID869,0
vehID870,0
vehID871,0
vehID872,0
vehID873,0
vehID874,0
vehID875,0
vehID876,0
vehID877,0
vehID878,0
vehID879,0
vehID880,0
vehID881,0
vehID882,0
vehID883,0
vehID884,0
vehID885,0
vehID886,0
vehID887,0
vehID888,0
vehID889,0
vehID890,0
vehID891,0
vehID892,0
vehID893,0
vehID894,0
vehID895,0
vehID896,0
vehID897,0
vehID898,0
vehID899,0
vehID900,0
vehID901,0
vehID902,0
vehID903,0
vehID904,0
vehID905,0
vehID906,0
vehID907,0
vehID908,0
vehID909,0
vehID910,0
vehID911,0
vehID912,0
vehID913,0
vehID914,0
vehID915,0
vehID916,0
vehID917,0
vehID918,0
vehID919,0
vehID920,0
vehID921,0
vehID922,0
vehID923,0
vehID924,0
vehID925,0
vehID926,0
vehID927,0
vehID928,0
vehID929,0
vehID930,0
vehID931,0
vehID932,0
vehID933,0
vehID934,0
vehID935,0
vehID936,0
vehID937,0
vehID938,0
vehID939,0
vehID940,0
vehID941,0
vehID942,0
vehID943,0
vehID944,0
vehID945,0
vehID946,0
vehID947,0
vehID948,0
vehID949,0
vehID950,0
vehID951,0
vehID952,0
vehID953,0
vehID954,0
vehID955,0
vehID956,0
vehID957,0
vehID958,0
vehID959,0
vehID960,0
vehID961,0
vehID962,0
vehID963,0
vehID964,0
vehID965,0
vehID966,0
vehID967,0
vehID968,0
vehID969,0
vehID970,0
vehID971,0
vehID972,0
vehID973,0
vehID974,0
vehID975,0
vehID976,0
vehID977,0
vehID978,0
vehID979,0
vehID980,0
vehID981,0
vehID982,0
vehID983,0
vehID984,0
vehID985,0
vehID986,0
vehID987,0
vehID988,0
vehID989,0
vehID990,0
vehID991,0
vehID992,0
vehID993,0
vehID994,0
vehID995,0
vehID996,0
vehID997,0
vehID998,0
vehID999,0
vehID1000,0
vehID1001,0
vehID1002,0
vehID1003,0
vehID1004,0
vehID1005,0
vehID1006,0
vehID1007,0
vehID1008,0
vehID1009,0
vehID1010,0
vehID1011,0
vehID1012,0
vehID1013,0
vehID1014,0
vehID1015,0
vehID1016,0
vehID1017,0
vehID1018,0
vehID1019,0
vehID1020,0
vehID1021,0
vehID1022,0
vehID1023,0
vehID1024,0
vehID1025,0
vehID1026,0
vehID1027,0
vehID1028,0
vehID1029,0
vehID1030,0
vehID1031,0
vehID1032,0
vehID1033,0
vehID1034,0
vehID1035,0
vehID1036,0
vehID1037,0
vehID1038,0
vehID1039,0
vehID1040,0
vehID1041,0
vehID1042,0
vehID1043,0
vehID1044,0
vehID1045,0
vehID1046,0
vehID1047,0
vehID1048,0
vehID1049,0
vehID1050,0
vehID1051,0
vehID1052,0
vehID1053,0
vehID1054,0
vehID1055,0
vehID1056,0
vehID1057,0
vehID1058,0
vehID1059,0
vehID1060,0
vehID1061,0
vehID1062,0
vehID1063,0
vehID1064,0
vehID1065,0
vehID1066,0
vehID1067,0
vehID1068,0
vehID1069,0
vehID1070,0
vehID1071,0
vehID1072,0
vehID1073,0
vehID1074,0
vehID1075,0
vehID1076,0
vehID1077,0
vehID1078,0
vehID1079,0
vehID1080,0
vehID1081,0
vehID1082,0
vehID1083,0
vehID1084,0
vehID1085,0
vehID1086,0
vehID1087,0
vehID1088,0
vehID1089,0
vehID1090,0
vehID1091,0
vehID1092,0
vehID1093,0
vehID1094,0
vehID1095,0
vehID1096,0
vehID1097,0
vehID1098,0
vehID1099,0
vehID1100,0
vehID1101,0
vehID1102,0
vehID1103,0
vehID1104,0
vehID1105,0
vehID1106,0
vehID1107,0
vehID1108,0
vehID1109,0
vehID1110,0
vehID1111,0
vehID1112,0
vehID1113,0
vehID1114,0
vehID1115,0
vehID1116,0
vehID1117,0
vehID1118,0
vehID1119,0
vehID1120,0
vehID1121,0
vehID1122,0
vehID1123,0
vehID1124,0
vehID1125,0
vehID1126,0
vehID1127,0
vehID1128,0
vehID1129,0
vehID1130,0
vehID1131,0
vehID1132,0
vehID1133,0
vehID1134,0
vehID1135,0
vehID1136,0
vehID1137,0
vehID1138,0
vehID1139,0
vehID1140,0
vehID1141,0
vehID1142,0
vehID1143,0
vehID1144,0
vehID1145,0
vehID1146,0
vehID1147,0
vehID1148,0
vehID1149,0
vehID1150,0
vehID1151,0
vehID1152,0
vehID1153,0
vehID1154,0
vehID1155,0
vehID1156,0
vehID1157,0
vehID1158,0
vehID1159,0
vehID1160,0
vehID1161,0
vehID1162,0
vehID1163,0
vehID1164,0
vehID1165,0
vehID1166,0
vehID1167,0
vehID1168,0
vehID1169,0
vehID1170,0
vehID1171,0
vehID1172,0
vehID1173,0
vehID1174,0
vehID1175,0
vehID1176,0
vehID1177,0
vehID1178,0
vehID1179,0
vehID1180,0
vehID1181,0
vehID1182,0
vehID1183,0
vehID1184,0
vehID1185,0
vehID1186,0
vehID1187,0
vehID1188,0
vehID1189,0
vehID1190,0
vehID1191,0
vehID1192,0
vehID1193,0
vehID1194,0
vehID1195,0
vehID1196,0
vehID1197,0
vehID1198,0
vehID1199,0
vehID1200,0
vehID1201,0
vehID1202,0
vehID1203,0
vehID1204,0
vehID1205,0
vehID1206,0
vehID1207,0
vehID1208,0
vehID1209,0
vehID1210,0
vehID1211,0
vehID1212,0
vehID1213,0
vehID1214,0
vehID1215,0
vehID1216,0
vehID1217,0
vehID1218,0
vehID1219,0
vehID1220,0
vehID1221,0
vehID1222,0
vehID1223,0
vehID1224,0
vehID1225,0
vehID1226,0
vehID1227,0
vehID1228,0
vehID1229,0
vehID1230,0
vehID1231,0
vehID1232,0
vehID1233,0
vehID1234,0
vehID1235,0
vehID1236,0
vehID1237,0
vehID1238,0
vehID1239,0
vehID1240,0
vehID1241,0
vehID1242,0
vehID1243,0
vehID1244,0
vehID1245,0
vehID1246,0
vehID1247,0
vehID1248,0
vehID1249,0
vehID1250,0
vehID1251,0
vehID1252,0
vehID1253,0
vehID1254,0
vehID1255,0
vehID1256,0
vehID1257,0
vehID1258,0
vehID1259,0
vehID1260,0
vehID1261,0
vehID1262,0
vehID1263,0
vehID1264,0
vehID1265,0
vehID1266,0
vehID1267,0
vehID1268,0
vehID1269,0
vehID1270,0
vehID1271,0
vehID1272,0
vehID1273,0
vehID1274,0
vehID1275,0
vehID1276,0
vehID1277,0
vehID1278,0
vehID1279,0
vehID1280,0
vehID1281,0
vehID1282,0
vehID1283,0
vehID1284,0
vehID1285,0
vehID1286,0
vehID1287,0
vehID1288,0
vehID1289,0
vehID1290,0
vehID1291,0
vehID1292,0
vehID1293,0
vehID1294,0
vehID1295,0
vehID1296,0
vehID1297,0
vehID1298,0
vehID1299,0
vehID1300,0
vehID1301,0
vehID1302,0
vehID1303,0
vehID1304,0
vehID1305,0
vehID1306,0
vehID1307,0
vehID1308,0
vehID1309,0
vehID1310,0
vehID1311,0
vehID1312,0
vehID1313,0
vehID1314,0
vehID1315,0
vehID1316,0
vehID1317,0
vehID1318,0
vehID1319,0
vehID1320,0
vehID1321,0
vehID1322,0
vehID1323,0
vehID1324,0
vehID1325,0
vehID1326,0
vehID1327,0
vehID1328,0
vehID1329,0
vehID1330,0
vehID1331,0
vehID1332,0
vehID1333,0
vehID1334,0
vehID1335,0
vehID1336,0
vehID1337,0
vehID1338,0
vehID1339,0
vehID1340,0
vehID1341,0
vehID1342,0
vehID1343,0
vehID1344,0
vehID1345,0
vehID1346,0
vehID1347,0
vehID1348,0
vehID1349,0
vehID1350,0
vehID1351,0
vehID1352,0
vehID1353,0
vehID1354,0
vehID1355,0
vehID1356,0
vehID1357,0
vehID1358,0
vehID1359,0
vehID1360,0
vehID1361,0
vehID1362,0
vehID1363,0
vehID1364,0
vehID1365,0
vehID1366,0
vehID1367,0
vehID1368,0
vehID1369,0
vehID1370,0
vehID1371,0
vehID1372,0
vehID1373,0
vehID1374,0
vehID1375,0
vehID1376,0
vehID1377,0
vehID1378,0
vehID1379,0
vehID1380,0
vehID1381,0
vehID1382,0
vehID1383,0
vehID1384,0
vehID1385,0
vehID1386,0
vehID1387,0
vehID1388,0
vehID1389,0
vehID1390,0
vehID1391,0
vehID1392,0
vehID1393,0
vehID1394,0
vehID1395,0
vehID1396,0
vehID1397,0
vehID1398,0
vehID1399,0
vehID1400,0
vehID1401,0
vehID1402,0
vehID1403,0
vehID1404,0
vehID1405,0
vehID1406,0
vehID1407,0
vehID1408,0
vehID1409,0
vehID1410,0
vehID1411,0
vehID1412,0
vehID1413,0
vehID1414,0
vehID1415,0
vehID1416,0
vehID1417,0
vehID1418,0
vehID1419,0
vehID1420,0
vehID1421,0
vehID1422,0
vehID1423,0
vehID1424,0
vehID1425,0
vehID1426,0
vehID1427,0
vehID1428,0
vehID1429,0
vehID1430,0
vehID1431,0
vehID1432,0
vehID1433,0
vehID1434,0
vehID1435,0
vehID1436,0
vehID1437,0
vehID1438,0
vehID1439,0
vehID1440,0
vehID1441,0
vehID1442,0
vehID1443,0
vehID1444,0
vehID1445,0
vehID1446,0
vehID1447,0
vehID1448,0
vehID1449,0
vehID1450,0
vehID1451,0
vehID1452,0
vehID1453,0
vehID1454,0
vehID1455,0
vehID1456,0
vehID1457,0
vehID1458,0
vehID1459,0
vehID1460,0
vehID1461,0
vehID1462,0
vehID1463,0
vehID1464,0
vehID1465,0
vehID1466,0
vehID1467,0
vehID1468,0
vehID1469,0
vehID1470,0
vehID1471,0
vehID1472,0
vehID1473,0
vehID1474,0
vehID1475,0
vehID1476,0
vehID1477,0
vehID1478,0
vehID1479,0
vehID1480,0
vehID1481,0
vehID1482,0
vehID1483,0
vehID1484,0
vehID1485,0
vehID1486,0
vehID1487,0
vehID1488,0
vehID1489,0
vehID1490,0
vehID1491,0
vehID1492,0
vehID1493,0
vehID1494,0
vehID1495,0
vehID1496,0
vehID1497,0
vehID1498,0
vehID1499,0
vehID1500,0
vehID1501,0
vehID1502,0
vehID1503,0
vehID1504,0
vehID1505,0
vehID1506,0
vehID1507,0
vehID1508,0
vehID1509,0
vehID1510,0
vehID1511,0
vehID1512,0
vehID1513,0
vehID1514,0
vehID1515,0
vehID1516,0
vehID1517,0
vehID1518,0
vehID1519,0
vehID1520,0
vehID1521,0
vehID1522,0
vehID1523,0
vehID1524,0
vehID1525,0
vehID1526,0
vehID1527,0
vehID1528,0
vehID1529,0
vehID1530,0
vehID1531,0
vehID1532,0
vehID1533,0
vehID1534,0
vehID1535,0
vehID1536,0
vehID1537,0
vehID1538,0
vehID1539,0
vehID1540,0
vehID1541,0
vehID1542,0
vehID1543,0
vehID1544,0
vehID1545,0
vehID1546,0
vehID1547,0
vehID1548,0
vehID1549,0
vehID1550,0
vehID1551,0
vehID1552,0
vehID1553,0
vehID1554,0
vehID1555,0
vehID1556,0
vehID1557,0
vehID1558,0
vehID1559,0
vehID1560,0
vehID1561,0
vehID1562,0
vehID1563,0
vehID1564,0
vehID1565,0
vehID1566,0
vehID1567,0
vehID1568,0
vehID1569,0
vehID1570,0
vehID1571,0
vehID1572,0
vehID1573,0
vehID1574,0
vehID1575,0
vehID1576,0
vehID1577,0
vehID1578,0
vehID1579,0
vehID1580,0
vehID1581,0
vehID1582,0
vehID1583,0
vehID1584,0
vehID1585,0
vehID1586,0
vehID1587,0
vehID1588,0
vehID1589,0
vehID1590,0
vehID1591,0
vehID1592,0
vehID1593,0
vehID1594,0
vehID1595,0
vehID1596,0
vehID1597,0
vehID1598,0
vehID1599,0
vehID1600,0
vehID1601,0
vehID1602,0
vehID1603,0
vehID1604,0
vehID1605,0
vehID1606,0
vehID1607,0
vehID1608,0
vehID1609,0
vehID1610,0
vehID1611,0
vehID1612,0
vehID1613,0
vehID1614,0
vehID1615,0
vehID1616,0
vehID1617,0
vehID1618,0
vehID1619,0
vehID1620,0
vehID1621,0
vehID1622,0
vehID1623,0
vehID1624,0
vehID1625,0
vehID1626,0
vehID1627,0
vehID1628,0
vehID1629,0
vehID1630,0
vehID1631,0
vehID1632,0
vehID1633,0
vehID1634,0
vehID1635,0
vehID1636,0
vehID1637,0
vehID1638,0
vehID1639,0
vehID1640,0
vehID1641,0
vehID1642,0
vehID1643,0
vehID1644,0
vehID1645,0
vehID1646,0
vehID1647,0
vehID1648,0
vehID1649,0
vehID1650,0
vehID1651,0
vehID1652,0
vehID1653,0
vehID1654,0
vehID1655,0
vehID1656,0
vehID1657,0
vehID1658,0
vehID1659,0
vehID1660,0
vehID1661,0
vehID1662,0
vehID1663,0
vehID1664,0
vehID1665,0
vehID1666,0
vehID1667,0
vehID1668,0
vehID1669,0
vehID1670,0
vehID1671,0
vehID1672,0
vehID1673,0
vehID1674,0
vehID1675,0
vehID1676,0
vehID1677,0
vehID1678,0
vehID1679,0
vehID1680,0
vehID1681,0
vehID1682,0
vehID1683,0
vehID1684,0
vehID1685,0
vehID1686,0
vehID1687,0
vehID1688,0
vehID1689,0
vehID1690,0
vehID1691,0
vehID1692,0
vehID1693,0
vehID1694,0
vehID1695,0
vehID1696,0
vehID1697,0
vehID1698,0
vehID1699,0
vehID1700,0
vehID1701,0
vehID1702,0
vehID1703,0
vehID1704,0
vehID1705,0
vehID1706,0
vehID1707,0
vehID1708,0
vehID1709,0
vehID1710,0
vehID1711,0
vehID1712,0
vehID1713,0
vehID1714,0
vehID1715,0
vehID1716,0
vehID1717,0
vehID1718,0
vehID1719,0
vehID1720,0
vehID1721,0
vehID1722,0
vehID1723,0
vehID1724,0
vehID1725,0
vehID1726,0
vehID1727,0
vehID1728,0
vehID1729,0
vehID1730,0
vehID1731,0
vehID1732,0
vehID1733,0
vehID1734,0
vehID1735,0
vehID1736,0
vehID1737,0
vehID1738,0
vehID1739,0
vehID1740,0
vehID1741,0
vehID1742,0
vehID1743,0
vehID1744,0
vehID1745,0
vehID1746,0
vehID1747,0
vehID1748,0
vehID1749,0
vehID1750,0
vehID1751,0
vehID1752,0
vehID1753,0
vehID1754,0
vehID1755,0
vehID1756,0
vehID1757,0
vehID1758,0
vehID1759,0
vehID1760,0
vehID1761,0
vehID1762,0
vehID1763,0
vehID1764,0
vehID1765,0
vehID1766,0
vehID1767,0
vehID1768,0
vehID1769,0
vehID1770,0
vehID1771,0
vehID1772,0
vehID1773,0
vehID1774,0
vehID1775,0
vehID1776,0
vehID1777,0
vehID1778,0
vehID1779,0
vehID1780,0
vehID1781,0
vehID1782,0
vehID1783,0
vehID1784,0
vehID1785,0
vehID1786,0
vehID1787,0
vehID1788,0
vehID1789,0
vehID1790,0
vehID1791,0
vehID1792,0
vehID1793,0
vehID1794,0
vehID1795,0
vehID1796,0
vehID1797,0
vehID1798,0
vehID1799,0
vehID1800,0
vehID1801,0
vehID1802,0
vehID1803,0
vehID1804,0
vehID1805,0
vehID1806,0
vehID1807,0
vehID1808,0
vehID1809,0
vehID1810,0
vehID1811,0
vehID1812,0
vehID1813,0
vehID1814,0
vehID1815,0
vehID1816,0
vehID1817,0
vehID1818,0
vehID1819,0
vehID1820,0
vehID1821,0
vehID1822,0
vehID1823,0
vehID1824,0
vehID1825,0
vehID1826,0
vehID1827,0
vehID1828,0
vehID1829,0
vehID1830,0
vehID1831,0
vehID1832,0
vehID1833,0
vehID1834,0
vehID1835,0
vehID1836,0
vehID1837,0
vehID1838,0
vehID1839,0
vehID1840,0
vehID1841,0
vehID1842,0
vehID1843,0
vehID1844,0
vehID1845,0
vehID1846,0
vehID1847,0
vehID1848,0
vehID1849,0
vehID1850,0
vehID1851,0
vehID1852,0
vehID1853,0
vehID1854,0
vehID1855,0
vehID1856,0
vehID1857,0
vehID1858,0
vehID1859,0
vehID1860,0
vehID1861,0
vehID1862,0
vehID1863,0
vehID1864,0
vehID1865,0
vehID1866,0
vehID1867,0
vehID1868,0
vehID1869,0
vehID1870,0
vehID1871,0
vehID1872,0
vehID1873,0
vehID1874,0
vehID1875,0
vehID1876,0
vehID1877,0
vehID1878,0
vehID1879,0
vehID1880,0
vehID1881,0
vehID1882,0
vehID1883,0
vehID1884,0
vehID1885,0
vehID1886,0
vehID1887,0
vehID1888,0
vehID1889,0
vehID1890,0
vehID1891,0
vehID1892,0
vehID1893,0
vehID1894,0
vehID1895,0
vehID1896,0
vehID1897,0
vehID1898,0
vehID1899,0
vehID1900,0
vehID1901,0
vehID1902,0
vehID1903,0
vehID1904,0
vehID1905,0
vehID1906,0
vehID1907,0
vehID1908,0
vehID1909,0
vehID1910,0
vehID1911,0
vehID1912,0
vehID1913,0
vehID1914,0
vehID1915,0
vehID1916,0
vehID1917,0
vehID1918,0
vehID1919,0
vehID1920,0
vehID1921,0
vehID1922,0
vehID1923,0
vehID1924,0
vehID1925,0
vehID1926,0
vehID1927,0
vehID1928,0
vehID1929,0
vehID1930,0
vehID1931,0
vehID1932,0
vehID1933,0
vehID1934,0
vehID1935,0
vehID1936,0
vehID1937,0
vehID1938,0
vehID1939,0
vehID1940,0
vehID1941,0
vehID1942,0
vehID1943,0
vehID1944,0
vehID1945,0
vehID1946,0
vehID1947,0
vehID1948,0
vehID1949,0
vehID1950,0
vehID1951,0
vehID1952,0
vehID1953,0
vehID1954,0
vehID1955,0
vehID1956,0
vehID1957,0
vehID1958,0
vehID1959,0
vehID1960,0
vehID1961,0
vehID1962,0
vehID1963,0
vehID1964,0
vehID1965,0
vehID1966,0
vehID1967,0
vehID1968,0
vehID1969,0
vehID1970,0
vehID1971,0
vehID1972,0
vehID1973,0
vehID1974,0
vehID1975,0
vehID1976,0
vehID1977,0
vehID1978,0
vehID1979,0
vehID1980,0
vehID1981,0
vehID1982,0
vehID1983,0
vehID1984,0
vehID1985,0
vehID1986,0
vehID1987,0
vehID1988,0
vehID1989,0
vehID1990,0
vehID1991,0
vehID1992,0
vehID1993,0
vehID1994,0
vehID1995,0
vehID1996,0
vehID1997,0
vehID1998,0
vehID1999,0
vehID2000,0
vehID2001,0
vehID2002,0
vehID2003,0
vehID2004,0
vehID2005,0
vehID2006,0
vehID2007,0
vehID2008,0
vehID2009,0
vehID2010,0
vehID2011,0
vehID2012,0
vehID2013,0
vehID2014,0
vehID2015,0
vehID2016,0
vehID2017,0
vehID2018,0
vehID2019,0
vehID2020,0
vehID2021,0
vehID2022,0
vehID2023,0
vehID2024,0
vehID2025,0
vehID2026,0
vehID2027,0
vehID2028,0
vehID2029,0
vehID2030,0
vehID2031,0
vehID2032,0
vehID2033,0
vehID2034,0
vehID2035,0
vehID2036,0
vehID2037,0
vehID2038,0
vehID2039,0
vehID2040,0
vehID2041,0
vehID2042,0
vehID2043,0
vehID2044,0
vehID2045,0
vehID2046,0
vehID2047,0
vehID2048,0
vehID2049,0
vehID2050,0
vehID2051,0
vehID2052,0
vehID2053,0
vehID2054,0
vehID2055,0
vehID2056,0
vehID2057,0
vehID2058,0
vehID2059,0
vehID2060,0
vehID2061,0
vehID2062,0
vehID2063,0
vehID2064,0
vehID2065,0
vehID2066,0
vehID2067,0
vehID2068,0
vehID2069,0
vehID2070,0
vehID2071,0
vehID2072,0
vehID2073,0
vehID2074,0
vehID2075,0
vehID2076,0
vehID2077,0
vehID2078,0
vehID2079,0
vehID2080,0
vehID2081,0
vehID2082,0
vehID2083,0
vehID2084,0
vehID2085,0
vehID2086,0
vehID2087,0
vehID2088,0
vehID2089,0
vehID2090,0
