vehID30016,0.0
vehID40021,59.0
vehID10004,77.0
vehID30007,0.0
vehID40026,54.0
vehID10003,82.0
vehID20001,20.0
vehID30021,0.0
vehID40028,54.0
vehID10007,79.0
vehID30011,0.0
vehID40032,52.0
vehID10002,81.0
vehID30026,0.0
vehID40007,50.0
vehID20002,11.0
vehID10006,76.0
vehID40018,48.0
vehID30004,0.0
vehID20003,10.0
vehID10009,79.0
vehID40011,47.0
vehID30024,0.0
vehID40024,45.0
vehID10008,79.0
vehID20004,8.0
vehID30008,77.0
vehID40030,41.0
vehID10010,76.0
vehID30020,79.0
vehID40015,39.0
vehID10005,75.0
vehID30009,76.0
vehID40023,36.0
vehID10014,71.0
vehID30027,78.0
vehID40027,37.0
vehID10017,70.0
vehID30015,79.0
vehID40008,31.0
vehID10018,68.0
vehID20006,0.0
vehID30025,82.0
vehID40014,30.0
vehID10012,67.0
vehID30005,80.0
vehID40019,28.0
vehID10015,62.0
vehID20005,0.0
vehID30006,78.0
vehID40013,22.0
vehID10019,61.0
vehID30002,75.0
vehID40005,22.0
vehID10011,58.0
vehID30014,75.0
vehID40033,21.0
vehID10013,58.0
vehID30010,79.0
vehID40004,17.0
vehID10016,55.0
vehID30003,75.0
vehID20008,0.0
vehID40009,12.0
vehID10020,51.0
vehID30017,77.0
vehID30023,76.0
vehID40016,11.0
vehID10026,49.0
vehID20007,81.0
vehID30001,78.0
vehID40017,7.0
vehID10027,49.0
vehID30013,75.0
vehID40025,7.0
vehID10022,46.0
vehID30019,75.0
vehID20009,80.0
vehID40031,3.0
vehID10021,45.0
vehID30022,71.0
vehID40003,1.0
vehID10025,44.0
vehID40012,1.0
vehID20010,79.0
vehID30018,73.0
vehID40022,0.0
vehID10024,38.0
vehID30012,75.0
vehID40006,0.0
vehID10023,37.0
vehID20012,78.0
vehID30030,71.0
vehID40001,0.0
vehID10034,36.0
vehID30043,68.0
vehID40020,0.0
vehID20011,76.0
vehID10031,33.0
vehID30038,68.0
vehID40029,0.0
vehID10035,31.0
vehID30050,65.0
vehID40010,0.0
vehID10033,29.0
vehID30034,60.0
vehID40002,0.0
vehID10028,28.0
vehID20014,78.0
vehID30036,57.0
vehID40040,80.0
vehID10032,24.0
vehID20013,72.0
vehID30049,57.0
vehID40048,81.0
vehID10030,23.0
vehID30046,56.0
vehID40046,81.0
vehID10029,23.0
vehID30045,49.0
vehID40062,79.0
vehID10038,81.0
vehID30037,48.0
vehID40056,81.0
vehID10039,14.0
vehID20015,77.0
vehID30029,49.0
vehID40050,78.0
vehID10037,13.0
vehID20016,71.0
vehID30044,49.0
vehID40039,80.0
vehID10040,81.0
vehID20017,74.0
vehID30047,40.0
vehID40036,77.0
vehID10041,81.0
vehID20018,72.0
vehID30051,41.0
vehID40047,75.0
vehID10036,78.0
vehID10043,80.0
vehID30031,34.0
vehID40044,79.0
vehID10042,78.0
vehID30042,39.0
vehID40038,78.0
vehID10047,77.0
vehID20019,61.0
vehID30039,37.0
vehID40057,78.0
vehID10048,70.0
vehID20020,61.0
vehID10044,76.0
vehID30033,36.0
vehID40055,77.0
vehID10046,75.0
vehID30040,26.0
vehID40064,72.0
vehID10045,75.0
vehID30035,22.0
vehID40065,72.0
vehID10049,71.0
vehID30032,21.0
vehID40035,70.0
vehID10051,74.0
vehID30041,24.0
vehID40059,67.0
vehID10054,71.0
vehID10056,70.0
vehID30066,17.0
vehID40061,76.0
vehID20021,46.0
vehID40041,66.0
vehID10050,70.0
vehID30070,15.0
vehID40049,74.0
vehID20022,41.0
vehID30028,81.0
vehID10055,67.0
vehID40063,72.0
vehID10052,73.0
vehID30069,10.0
vehID40058,67.0
vehID20023,38.0
vehID10057,71.0
vehID30048,5.0
vehID40045,66.0
vehID20024,36.0
vehID10053,70.0
vehID30064,3.0
vehID40053,67.0
vehID40052,64.0
vehID10063,70.0
vehID30065,2.0
vehID40037,65.0
vehID10059,67.0
vehID30071,0.0
vehID40054,60.0
vehID10061,70.0
vehID30072,0.0
vehID30068,0.0
vehID40043,58.0
vehID10058,66.0
vehID40042,58.0
vehID30053,0.0
vehID10064,73.0
vehID40051,58.0
vehID30055,0.0
vehID10060,65.0
vehID30063,0.0
vehID40034,54.0
vehID10062,58.0
vehID30052,81.0
vehID20026,13.0
vehID30058,0.0
vehID40060,79.0
vehID10068,68.0
vehID20025,12.0
vehID30062,78.0
vehID40089,45.0
vehID10066,68.0
vehID20027,8.0
vehID30054,81.0
vehID40082,43.0
vehID10069,61.0
vehID40078,43.0
vehID30060,81.0
vehID40069,43.0
vehID10070,60.0
vehID10065,69.0
vehID30059,80.0
vehID40071,78.0
vehID30057,77.0
vehID10067,80.0
vehID20028,1.0
vehID10072,70.0
vehID40088,38.0
vehID30067,77.0
vehID40085,37.0
vehID20029,0.0
vehID10074,64.0
vehID30061,80.0
vehID20031,0.0
vehID40077,36.0
vehID10075,81.0
vehID30056,73.0
vehID40076,31.0
vehID10071,63.0
vehID30078,76.0
vehID40073,81.0
vehID30075,72.0
vehID10073,77.0
vehID10076,77.0
vehID30074,71.0
vehID40067,79.0
vehID30084,79.0
vehID10078,63.0
vehID20030,0.0
vehID40072,25.0
vehID30076,73.0
vehID10080,82.0
vehID20033,82.0
vehID40084,78.0
vehID30079,77.0
vehID10077,74.0
vehID40074,80.0
vehID10079,78.0
vehID30090,72.0
vehID40081,81.0
vehID10082,74.0
vehID30092,77.0
vehID20032,82.0
vehID10081,77.0
vehID40092,77.0
vehID30093,69.0
vehID40087,76.0
vehID10086,73.0
vehID20035,78.0
vehID30082,71.0
vehID40091,78.0
vehID10088,76.0
vehID20034,79.0
vehID30085,70.0
vehID40093,78.0
vehID10084,72.0
vehID30073,69.0
vehID10085,73.0
vehID30083,68.0
vehID40079,79.0
vehID30091,68.0
vehID10083,72.0
vehID10087,71.0
vehID40090,78.0
vehID30081,68.0
vehID10090,72.0
vehID30087,64.0
vehID40075,76.0
vehID30086,63.0
vehID40086,78.0
vehID30089,63.0
vehID20037,81.0
vehID40068,75.0
vehID30080,59.0
vehID40083,73.0
vehID20036,77.0
vehID30077,60.0
vehID40066,77.0
vehID30088,54.0
vehID40080,74.0
vehID20038,77.0
vehID30103,53.0
vehID40070,76.0
vehID30102,50.0
vehID40106,74.0
vehID30109,46.0
vehID40119,73.0
vehID30097,51.0
vehID40102,71.0
vehID30101,45.0
vehID40107,73.0
vehID20039,72.0
vehID30105,50.0
vehID30098,47.0
vehID40121,70.0
vehID30108,80.0
vehID40112,71.0
vehID30104,37.0
vehID40117,73.0
vehID30096,34.0
vehID40122,69.0
vehID30107,34.0
vehID40110,63.0
vehID30111,31.0
vehID20040,59.0
vehID40116,82.0
vehID30095,28.0
vehID20041,57.0
vehID40109,71.0
vehID30100,79.0
vehID30110,23.0
vehID40111,72.0
vehID30099,23.0
vehID40105,70.0
vehID30106,22.0
vehID20042,47.0
vehID40108,71.0
vehID10094,72.0
vehID30094,18.0
vehID40118,66.0
vehID40114,70.0
vehID10092,72.0
vehID30122,78.0
vehID20043,44.0
vehID30129,16.0
vehID40095,69.0
vehID10091,70.0
vehID30124,14.0
vehID40120,65.0
vehID10093,68.0
vehID40113,81.0
vehID30118,9.0
vehID10089,71.0
vehID40096,68.0
vehID20044,37.0
vehID30123,76.0
vehID30114,80.0
vehID10100,63.0
vehID40097,66.0
vehID40104,79.0
vehID30121,7.0
vehID10099,70.0
vehID40101,78.0
vehID30117,80.0
vehID10096,68.0
vehID40094,83.0
vehID20046,26.0
vehID30120,75.0
vehID10097,65.0
vehID30126,2.0
vehID40099,66.0
vehID10095,70.0
vehID30113,77.0
vehID40115,80.0
vehID20045,19.0
vehID10098,66.0
vehID30127,73.0
vehID30128,0.0
vehID40123,73.0
vehID10102,69.0
vehID30112,81.0
vehID40098,74.0
vehID10101,61.0
vehID20049,14.0
vehID30116,77.0
vehID40103,79.0
vehID10103,60.0
vehID20048,13.0
vehID30125,80.0
vehID40136,73.0
vehID40100,78.0
vehID10104,60.0
vehID20047,9.0
vehID30115,72.0
vehID30119,80.0
vehID40134,73.0
vehID10106,67.0
vehID10105,68.0
vehID30142,79.0
vehID40141,76.0
vehID10107,79.0
vehID30140,76.0
vehID40150,72.0
vehID10108,63.0
vehID30137,78.0
vehID40144,74.0
vehID10109,62.0
vehID20050,0.0
vehID30138,69.0
vehID40147,75.0
vehID30141,76.0
vehID10110,79.0
vehID20051,0.0
vehID40138,75.0
vehID30144,73.0
vehID10111,61.0
vehID40132,75.0
vehID20052,0.0
vehID30145,73.0
vehID10112,79.0
vehID40133,67.0
vehID20053,0.0
vehID30134,72.0
vehID10113,82.0
vehID40149,74.0
vehID30139,69.0
vehID30143,67.0
vehID10114,73.0
vehID40127,74.0
vehID30136,66.0
vehID10116,79.0
vehID30135,74.0
vehID40146,74.0
vehID10115,77.0
vehID30146,73.0
vehID40137,70.0
vehID10117,76.0
vehID30131,66.0
vehID40140,73.0
vehID10118,73.0
vehID30132,72.0
vehID20055,79.0
vehID40124,62.0
vehID10120,77.0
vehID30133,73.0
vehID40139,73.0
vehID10119,71.0
vehID20054,83.0
vehID30153,71.0
vehID40129,72.0
vehID10121,76.0
vehID30130,64.0
vehID20057,78.0
vehID40125,72.0
vehID10122,73.0
vehID30148,72.0
vehID10123,69.0
vehID40135,71.0
vehID30162,65.0
vehID10124,72.0
vehID30159,69.0
vehID40130,64.0
vehID10125,66.0
vehID30156,65.0
vehID40128,71.0
vehID20056,79.0
vehID40145,71.0
vehID40148,72.0
vehID30155,62.0
vehID30164,62.0
vehID40131,71.0
vehID20058,77.0
vehID30157,62.0
vehID40143,81.0
vehID30151,61.0
vehID30163,58.0
vehID20059,78.0
vehID30149,79.0
vehID20061,76.0
vehID30150,56.0
vehID20060,75.0
vehID30161,53.0
vehID30147,51.0
vehID40126,80.0
vehID30152,48.0
vehID20063,75.0
vehID30154,78.0
vehID40142,69.0
vehID30158,46.0
vehID20064,71.0
vehID40172,69.0
vehID30160,44.0
vehID20062,69.0
vehID40157,80.0
vehID30169,77.0
vehID30173,41.0
vehID40160,68.0
vehID30165,39.0
vehID20065,64.0
vehID40158,71.0
vehID30170,36.0
vehID20067,61.0
vehID40159,74.0
vehID30171,82.0
vehID20068,60.0
vehID40173,68.0
vehID30174,81.0
vehID40165,67.0
vehID30176,76.0
vehID20066,57.0
vehID30167,28.0
vehID40170,81.0
vehID40166,81.0
vehID30172,26.0
vehID40171,80.0
vehID20070,50.0
vehID30175,79.0
vehID10126,69.0
vehID40152,74.0
vehID10127,69.0
vehID30168,23.0
vehID40153,80.0
vehID10128,71.0
vehID40156,79.0
vehID20071,46.0
vehID30177,78.0
vehID40151,73.0
vehID10129,67.0
vehID20069,43.0
vehID30166,83.0
vehID40169,79.0
vehID10130,67.0
vehID20072,40.0
vehID30178,76.0
vehID30189,72.0
vehID30191,78.0
vehID40175,79.0
vehID10133,66.0
vehID20078,40.0
vehID30185,80.0
vehID40163,73.0
vehID10132,66.0
vehID20076,36.0
vehID40154,74.0
vehID30179,72.0
vehID10134,66.0
vehID20075,35.0
vehID30187,76.0
vehID40155,68.0
vehID10131,65.0
vehID20077,30.0
vehID30188,76.0
vehID40167,72.0
vehID40168,70.0
vehID40164,69.0
vehID10135,63.0
vehID20074,29.0
vehID30182,79.0
vehID30190,77.0
vehID40174,76.0
vehID10137,66.0
vehID20073,29.0
vehID30181,75.0
vehID40161,73.0
vehID10136,61.0
vehID20082,25.0
vehID30180,74.0
vehID40162,69.0
vehID30186,69.0
vehID10138,61.0
vehID20079,23.0
vehID30192,68.0
vehID40177,73.0
vehID30184,73.0
vehID10142,65.0
vehID20080,80.0
vehID40195,68.0
vehID10143,60.0
vehID20081,78.0
vehID40194,67.0
vehID30183,73.0
vehID10140,62.0
vehID20083,83.0
vehID30206,70.0
vehID40188,64.0
vehID10139,62.0
vehID30199,73.0
vehID40180,69.0
vehID40182,71.0
vehID10144,61.0
vehID20084,78.0
vehID40184,83.0
vehID30205,72.0
vehID10141,61.0
vehID40187,71.0
vehID20085,76.0
vehID30207,71.0
vehID40191,68.0
vehID10147,60.0
vehID40190,70.0
vehID30195,67.0
vehID40183,71.0
vehID10146,76.0
vehID20086,75.0
vehID40186,70.0
vehID30202,66.0
vehID40176,68.0
vehID10149,81.0
vehID20088,76.0
vehID30193,71.0
vehID10145,77.0
vehID20089,75.0
vehID30201,67.0
vehID10150,81.0
vehID20087,76.0
vehID30198,69.0
vehID10148,76.0
vehID30204,67.0
vehID20093,75.0
vehID10152,78.0
vehID30196,69.0
vehID10153,77.0
vehID20090,75.0
vehID30203,66.0
vehID10151,79.0
vehID20091,75.0
vehID30194,69.0
vehID10156,70.0
vehID30200,65.0
vehID10154,74.0
vehID20092,71.0
vehID30197,62.0
vehID30214,66.0
vehID10155,73.0
vehID20094,70.0
vehID30210,69.0
vehID10159,72.0
vehID10162,70.0
vehID30216,66.0
vehID10157,71.0
vehID30212,67.0
vehID10161,72.0
vehID20095,71.0
vehID30213,63.0
vehID30217,65.0
vehID20097,70.0
vehID30209,61.0
vehID20096,70.0
vehID30215,67.0
vehID20101,68.0
vehID30211,64.0
vehID20100,67.0
vehID30218,66.0
vehID20099,67.0
vehID30208,57.0
vehID30220,63.0
vehID20098,69.0
vehID30227,63.0
vehID30226,83.0
vehID30222,55.0
vehID20105,67.0
vehID30219,80.0
vehID40192,83.0
vehID20103,69.0
vehID30221,76.0
vehID40181,69.0
vehID30223,75.0
vehID20104,65.0
vehID30224,47.0
vehID40178,66.0
vehID20102,67.0
vehID30225,74.0
vehID40189,69.0
vehID20108,79.0
vehID30228,76.0
vehID40185,66.0
vehID20109,81.0
vehID30235,41.0
vehID40193,68.0
vehID20106,78.0
vehID30236,79.0
vehID40179,79.0
vehID30231,78.0
vehID20107,80.0
vehID40196,80.0
vehID30229,70.0
vehID40197,67.0
vehID20111,77.0
vehID30233,76.0
vehID40208,75.0
vehID30232,69.0
vehID30234,68.0
vehID30230,81.0
vehID40205,78.0
vehID10158,69.0
vehID10160,69.0
vehID30240,75.0
vehID40199,83.0
vehID20112,78.0
vehID10169,68.0
vehID30239,78.0
vehID40202,73.0
vehID20110,76.0
vehID10171,66.0
vehID30241,75.0
vehID40206,77.0
vehID20113,76.0
vehID10168,67.0
vehID30237,76.0
vehID30242,75.0
vehID40198,75.0
vehID20115,75.0
vehID10165,67.0
vehID30238,73.0
vehID40212,75.0
vehID30244,72.0
vehID40215,72.0
vehID10163,67.0
vehID20116,74.0
vehID20114,72.0
vehID40214,75.0
vehID10170,69.0
vehID40201,71.0
vehID10164,66.0
vehID20117,76.0
vehID40210,75.0
vehID10167,65.0
vehID40204,70.0
vehID10166,64.0
vehID20120,73.0
vehID40213,75.0
vehID10175,63.0
vehID20118,74.0
vehID40207,69.0
vehID10177,63.0
vehID20119,72.0
vehID40211,74.0
vehID10172,60.0
vehID20122,70.0
vehID40222,74.0
vehID10176,59.0
vehID40203,70.0
vehID10174,60.0
vehID30246,74.0
vehID20121,69.0
vehID40209,73.0
vehID10173,63.0
vehID30243,62.0
vehID30245,74.0
vehID40216,70.0
vehID20124,70.0
vehID10183,60.0
vehID30247,74.0
vehID40200,69.0
vehID20123,69.0
vehID10178,62.0
vehID30248,72.0
vehID40228,74.0
vehID40224,72.0
vehID10179,80.0
vehID30249,64.0
vehID40220,72.0
vehID30254,64.0
vehID20125,68.0
vehID40227,72.0
vehID10180,81.0
vehID30250,70.0
vehID40217,72.0
vehID10182,79.0
vehID30253,71.0
vehID20126,61.0
vehID40219,70.0
vehID10181,79.0
vehID30252,73.0
vehID40230,71.0
vehID40225,67.0
vehID20127,67.0
vehID10184,78.0
vehID30256,72.0
vehID40223,70.0
vehID20130,66.0
vehID10189,76.0
vehID30251,68.0
vehID10188,79.0
vehID30255,63.0
vehID30259,68.0
vehID10191,76.0
vehID20129,64.0
vehID30258,71.0
vehID10187,77.0
vehID10190,73.0
vehID20128,64.0
vehID30260,71.0
vehID10186,73.0
vehID20133,82.0
vehID30262,67.0
vehID10185,76.0
vehID30257,60.0
vehID10196,72.0
vehID30261,64.0
vehID20131,81.0
vehID10199,75.0
vehID30263,70.0
vehID10195,71.0
vehID20132,77.0
vehID30264,69.0
vehID10194,72.0
vehID30267,62.0
vehID10198,71.0
vehID20137,82.0
vehID20135,77.0
vehID30265,60.0
vehID30266,69.0
vehID20134,80.0
vehID30269,57.0
vehID30268,57.0
vehID30271,81.0
vehID30270,81.0
vehID20138,74.0
vehID30272,79.0
vehID20136,73.0
vehID30276,60.0
vehID20141,77.0
vehID40226,68.0
vehID30275,59.0
vehID40218,69.0
vehID20139,72.0
vehID30278,80.0
vehID30273,56.0
vehID20142,76.0
vehID30274,76.0
vehID40221,83.0
vehID20140,76.0
vehID30281,79.0
vehID40231,69.0
vehID30277,48.0
vehID20143,75.0
vehID40245,68.0
vehID30279,78.0
vehID20146,72.0
vehID30280,78.0
vehID40229,68.0
vehID20145,73.0
vehID30282,42.0
vehID40239,68.0
vehID20144,73.0
vehID30283,75.0
vehID40240,67.0
vehID30287,71.0
vehID40244,78.0
vehID20148,67.0
vehID30288,81.0
vehID40246,72.0
vehID40236,66.0
vehID20149,73.0
vehID30285,76.0
vehID20150,66.0
vehID40248,77.0
vehID30284,74.0
vehID40241,75.0
vehID20147,71.0
vehID40243,78.0
vehID30286,73.0
vehID40238,78.0
vehID20151,66.0
vehID30289,80.0
vehID10192,70.0
vehID20153,69.0
vehID30292,73.0
vehID40237,79.0
vehID10193,69.0
vehID20152,67.0
vehID30290,73.0
vehID40233,75.0
vehID10197,70.0
vehID20156,65.0
vehID30293,71.0
vehID30291,78.0
vehID40232,75.0
vehID30299,69.0
vehID40242,80.0
vehID10202,69.0
vehID20155,69.0
vehID20154,67.0
vehID30298,77.0
vehID40247,79.0
vehID10204,67.0
vehID30297,68.0
vehID30295,75.0
vehID40234,74.0
vehID10206,66.0
vehID30296,70.0
vehID40249,74.0
vehID10201,71.0
vehID40235,71.0
vehID40258,74.0
vehID10205,66.0
vehID40250,73.0
vehID10200,69.0
vehID40265,79.0
vehID10203,65.0
vehID40261,68.0
vehID10207,66.0
vehID40253,68.0
vehID30294,65.0
vehID10212,65.0
vehID40264,77.0
vehID10213,65.0
vehID40257,75.0
vehID10211,62.0
vehID40251,70.0
vehID40252,66.0
vehID10208,59.0
vehID30304,67.0
vehID10217,62.0
vehID40262,65.0
vehID30302,71.0
vehID10210,56.0
vehID30300,67.0
vehID40260,75.0
vehID40255,74.0
vehID10214,62.0
vehID30301,67.0
vehID30303,62.0
vehID40256,69.0
vehID10209,62.0
vehID30307,66.0
vehID40259,71.0
vehID30306,63.0
vehID10215,78.0
vehID30305,71.0
vehID40263,68.0
vehID40254,70.0
vehID10218,81.0
vehID30308,70.0
vehID40274,66.0
vehID40271,70.0
vehID10216,75.0
vehID30309,70.0
vehID40266,79.0
vehID10219,79.0
vehID30310,62.0
vehID10221,78.0
vehID30314,69.0
vehID10223,79.0
vehID30312,62.0
vehID30313,68.0
vehID10220,75.0
vehID10228,73.0
vehID30311,62.0
vehID10230,78.0
vehID30317,62.0
vehID30319,68.0
vehID10224,77.0
vehID30315,61.0
vehID10227,73.0
vehID10222,78.0
vehID30316,67.0
vehID20160,82.0
vehID10225,69.0
vehID30318,79.0
vehID30320,60.0
vehID20158,66.0
vehID10229,75.0
vehID20159,82.0
vehID30323,66.0
vehID20161,78.0
vehID30324,80.0
vehID20157,76.0
vehID30326,65.0
vehID20163,76.0
vehID30325,76.0
vehID20166,79.0
vehID20162,73.0
vehID30327,77.0
vehID20165,73.0
vehID30322,66.0
vehID20168,73.0
vehID30321,75.0
vehID20167,73.0
vehID30338,65.0
vehID20164,72.0
vehID30341,76.0
vehID30335,75.0
vehID20170,71.0
vehID30334,79.0
vehID30329,75.0
vehID20173,71.0
vehID40280,79.0
vehID20175,71.0
vehID30343,56.0
vehID40273,69.0
vehID20171,67.0
vehID30332,55.0
vehID20177,72.0
vehID30330,72.0
vehID40270,78.0
vehID20176,67.0
vehID40269,68.0
vehID30328,80.0
vehID20174,67.0
vehID40276,75.0
vehID20169,66.0
vehID30333,78.0
vehID40272,66.0
vehID20172,65.0
vehID30336,74.0
vehID40268,68.0
vehID20181,64.0
vehID30337,74.0
vehID20183,64.0
vehID30340,74.0
vehID30339,72.0
vehID40275,79.0
vehID10226,73.0
vehID20184,66.0
vehID30342,70.0
vehID40267,67.0
vehID20178,82.0
vehID30331,79.0
vehID40278,73.0
vehID30350,78.0
vehID40279,71.0
vehID40277,78.0
vehID10236,68.0
vehID40281,68.0
vehID10231,70.0
vehID40282,77.0
vehID10232,70.0
vehID40288,80.0
vehID10238,73.0
vehID40290,77.0
vehID40293,75.0
vehID10241,71.0
vehID40287,71.0
vehID10242,71.0
vehID40283,79.0
vehID10237,70.0
vehID40292,77.0
vehID10233,68.0
vehID40284,77.0
vehID10234,69.0
vehID40289,75.0
vehID10239,68.0
vehID40286,73.0
vehID40285,70.0
vehID10240,66.0
vehID40294,76.0
vehID10235,66.0
vehID40295,67.0
vehID10254,66.0
vehID40291,69.0
vehID10250,64.0
vehID40302,65.0
vehID30352,67.0
vehID10255,60.0
vehID40301,68.0
vehID10253,66.0
vehID30345,67.0
vehID40307,75.0
vehID10244,63.0
vehID30348,73.0
vehID40296,69.0
vehID10251,59.0
vehID30354,67.0
vehID40304,75.0
vehID10245,63.0
vehID30357,72.0
vehID40303,68.0
vehID30355,65.0
vehID10247,62.0
vehID40300,74.0
vehID30353,74.0
vehID10248,83.0
vehID40309,79.0
vehID30344,68.0
vehID10243,60.0
vehID30347,74.0
vehID40297,79.0
vehID10249,77.0
vehID30356,74.0
vehID40305,68.0
vehID40308,73.0
vehID10252,82.0
vehID40298,68.0
vehID30358,71.0
vehID10246,77.0
vehID40299,72.0
vehID30346,65.0
vehID40310,77.0
vehID10260,78.0
vehID30349,69.0
vehID10258,76.0
vehID30351,69.0
vehID10256,77.0
vehID30367,68.0
vehID10257,75.0
vehID20179,63.0
vehID30362,70.0
vehID10269,72.0
vehID10263,76.0
vehID30371,64.0
vehID20180,80.0
vehID10259,71.0
vehID30366,67.0
vehID10270,76.0
vehID20182,78.0
vehID30364,69.0
vehID10265,75.0
vehID20186,79.0
vehID30372,67.0
vehID10267,74.0
vehID30365,68.0
vehID10264,75.0
vehID20189,75.0
vehID30360,58.0
vehID20191,78.0
vehID30369,66.0
vehID20185,74.0
vehID30359,62.0
vehID20187,77.0
vehID30363,59.0
vehID20190,74.0
vehID30361,58.0
vehID20188,76.0
vehID30370,56.0
vehID20192,72.0
vehID30368,56.0
vehID20196,76.0
vehID30373,55.0
vehID40306,63.0
vehID30383,82.0
vehID40316,72.0
vehID20194,71.0
vehID30382,79.0
vehID40319,72.0
vehID20198,74.0
vehID20193,73.0
vehID30377,47.0
vehID40312,82.0
vehID20195,70.0
vehID40320,71.0
vehID30376,46.0
vehID20197,70.0
vehID40318,70.0
vehID20202,70.0
vehID30379,44.0
vehID30381,80.0
vehID30375,44.0
vehID40314,73.0
vehID20204,69.0
vehID30374,77.0
vehID40311,79.0
vehID20201,67.0
vehID30378,38.0
vehID40321,71.0
vehID20200,68.0
vehID30380,76.0
vehID40315,72.0
vehID20205,64.0
vehID30384,76.0
vehID40317,78.0
vehID20199,68.0
vehID30400,75.0
vehID20206,63.0
vehID30397,32.0
vehID40323,75.0
vehID20208,69.0
vehID30387,74.0
vehID20203,68.0
vehID30390,76.0
vehID40313,70.0
vehID10268,72.0
vehID20209,81.0
vehID30393,74.0
vehID40328,72.0
vehID10262,69.0
vehID30394,77.0
vehID40322,81.0
vehID10261,69.0
vehID30396,73.0
vehID40327,77.0
vehID10278,70.0
vehID30398,71.0
vehID40325,80.0
vehID10277,69.0
vehID30392,78.0
vehID40330,77.0
vehID40331,72.0
vehID30385,70.0
vehID10266,68.0
vehID40329,75.0
vehID30388,77.0
vehID10275,68.0
vehID30399,76.0
vehID40326,79.0
vehID10273,69.0
vehID30389,74.0
vehID40324,70.0
vehID30386,75.0
vehID10276,67.0
vehID30395,71.0
vehID40338,72.0
vehID10272,62.0
vehID40339,74.0
vehID10286,65.0
vehID40332,71.0
vehID10284,61.0
vehID40337,73.0
vehID10281,68.0
vehID40335,71.0
vehID10279,62.0
vehID40340,71.0
vehID10285,63.0
vehID30391,67.0
vehID40334,72.0
vehID10282,62.0
vehID30412,71.0
vehID40336,70.0
vehID10283,63.0
vehID40341,70.0
vehID30423,75.0
vehID10274,61.0
vehID40333,69.0
vehID30410,74.0
vehID10280,63.0
vehID40348,71.0
vehID30419,70.0
vehID40347,70.0
vehID10271,63.0
vehID30413,66.0
vehID40342,81.0
vehID10291,62.0
vehID30414,70.0
vehID40344,71.0
vehID30420,73.0
vehID40350,68.0
vehID10294,81.0
vehID10295,80.0
vehID30405,69.0
vehID40345,67.0
vehID40346,68.0
vehID30409,72.0
vehID10287,77.0
vehID30406,71.0
vehID10288,78.0
vehID30421,71.0
vehID10296,76.0
vehID30424,64.0
vehID10289,78.0
vehID30401,69.0
vehID10297,75.0
vehID30416,68.0
vehID10293,77.0
vehID30408,65.0
vehID10290,74.0
vehID30418,68.0
vehID10301,73.0
vehID20213,67.0
vehID30404,65.0
vehID10299,76.0
vehID20212,76.0
vehID10300,72.0
vehID30407,64.0
vehID30415,67.0
vehID20211,78.0
vehID10312,72.0
vehID30411,63.0
vehID20210,77.0
vehID30417,66.0
vehID10292,71.0
vehID10309,69.0
vehID20207,81.0
vehID30402,63.0
vehID20218,77.0
vehID30445,61.0
vehID20217,76.0
vehID30403,59.0
vehID20214,77.0
vehID30422,61.0
vehID20215,75.0
vehID30450,60.0
vehID40349,66.0
vehID20220,74.0
vehID30448,57.0
vehID30434,79.0
vehID20216,74.0
vehID30441,56.0
vehID40343,80.0
vehID20219,74.0
vehID20224,73.0
vehID30437,82.0
vehID30429,78.0
vehID40355,71.0
vehID20226,73.0
vehID40356,70.0
vehID30452,51.0
vehID20227,71.0
vehID40357,71.0
vehID30435,77.0
vehID20221,70.0
vehID40359,77.0
vehID30433,81.0
vehID20223,72.0
vehID40353,66.0
vehID30439,43.0
vehID40358,69.0
vehID20225,66.0
vehID30443,76.0
vehID40351,67.0
vehID20222,72.0
vehID20230,66.0
vehID30440,79.0
vehID40354,67.0
vehID20232,69.0
vehID30449,79.0
vehID40352,82.0
vehID20233,66.0
vehID40366,81.0
vehID30447,78.0
vehID20236,69.0
vehID30426,76.0
vehID40365,78.0
vehID20228,67.0
vehID30438,78.0
vehID40361,76.0
vehID10298,70.0
vehID30444,75.0
vehID40364,68.0
vehID10302,68.0
vehID30430,77.0
vehID40363,80.0
vehID10317,67.0
vehID30442,77.0
vehID40362,80.0
vehID10307,70.0
vehID30425,74.0
vehID40360,78.0
vehID10311,65.0
vehID30432,75.0
vehID40367,77.0
vehID40368,77.0
vehID30431,74.0
vehID10316,68.0
vehID40376,72.0
vehID30436,76.0
vehID10306,67.0
vehID30446,71.0
vehID40373,76.0
vehID10314,64.0
vehID30451,75.0
vehID40372,74.0
vehID30428,72.0
vehID10313,71.0
vehID40371,76.0
vehID30427,70.0
vehID10318,63.0
vehID30462,69.0
vehID30461,75.0
vehID40370,71.0
vehID10304,69.0
vehID40374,76.0
vehID40369,75.0
vehID10310,66.0
vehID10315,63.0
vehID40375,74.0
vehID40381,69.0
vehID10303,65.0
vehID40385,69.0
vehID10305,62.0
vehID40383,74.0
vehID10308,61.0
vehID30478,69.0
vehID40380,72.0
vehID10319,63.0
vehID30475,73.0
vehID30470,74.0
vehID40382,66.0
vehID10333,60.0
vehID40379,73.0
vehID30476,68.0
vehID10325,62.0
vehID30472,72.0
vehID40384,65.0
vehID40377,73.0
vehID10323,60.0
vehID30469,67.0
vehID40388,66.0
vehID40378,66.0
vehID10324,59.0
vehID30459,71.0
vehID40392,70.0
vehID10322,79.0
vehID40391,73.0
vehID30466,65.0
vehID10320,76.0
vehID30471,68.0
vehID10330,78.0
vehID30458,66.0
vehID30477,65.0
vehID10331,78.0
vehID30463,68.0
vehID10334,75.0
vehID30465,65.0
vehID10329,73.0
vehID10332,77.0
vehID30454,67.0
vehID10328,78.0
vehID30479,65.0
vehID10326,72.0
vehID30456,68.0
vehID10321,77.0
vehID30480,66.0
vehID10327,74.0
vehID30464,69.0
vehID10349,74.0
vehID30453,64.0
vehID20235,83.0
vehID10338,72.0
vehID30473,68.0
vehID10336,75.0
vehID20234,68.0
vehID30467,63.0
vehID20237,66.0
vehID30455,61.0
vehID20229,81.0
vehID30468,63.0
vehID30457,67.0
vehID20231,79.0
vehID30474,82.0
vehID20244,78.0
vehID30501,63.0
vehID20240,79.0
vehID30460,64.0
vehID20239,76.0
vehID30496,60.0
vehID20241,78.0
vehID30489,61.0
vehID20242,78.0
vehID30481,79.0
vehID20238,75.0
vehID20243,76.0
vehID30498,52.0
vehID40386,67.0
vehID20251,74.0
vehID20245,76.0
vehID30485,53.0
vehID40390,83.0
vehID20246,72.0
vehID30497,78.0
vehID40394,67.0
vehID20248,71.0
vehID30486,81.0
vehID40387,65.0
vehID20247,69.0
vehID30510,46.0
vehID40393,64.0
vehID40389,78.0
vehID10342,73.0
vehID40403,65.0
vehID20258,72.0
vehID30483,77.0
vehID20250,69.0
vehID40395,76.0
vehID30488,77.0
vehID20249,70.0
vehID40402,67.0
vehID30487,75.0
vehID20254,68.0
vehID30514,80.0
vehID40399,75.0
vehID20252,68.0
vehID30482,76.0
vehID20257,66.0
vehID40397,75.0
vehID30499,74.0
vehID20259,67.0
vehID30513,72.0
vehID40400,74.0
vehID30506,80.0
vehID20255,66.0
vehID10346,72.0
vehID20256,65.0
vehID40401,77.0
vehID30493,76.0
vehID40398,76.0
vehID10340,71.0
vehID20253,81.0
vehID30511,80.0
vehID40396,80.0
vehID10343,72.0
vehID30503,71.0
vehID30515,70.0
vehID40413,77.0
vehID30495,79.0
vehID10345,69.0
vehID40411,80.0
vehID30502,72.0
vehID10335,69.0
vehID30505,73.0
vehID40409,77.0
vehID30504,71.0
vehID40410,76.0
vehID10341,68.0
vehID40408,77.0
vehID10337,67.0
vehID40404,73.0
vehID10350,68.0
vehID40412,75.0
vehID40406,79.0
vehID10344,64.0
vehID40405,72.0
vehID10339,63.0
vehID40407,78.0
vehID10348,63.0
vehID40418,77.0
vehID10367,62.0
vehID10347,66.0
vehID40416,74.0
vehID40422,70.0
vehID10365,62.0
vehID10361,63.0
vehID40421,75.0
vehID10366,62.0
vehID40420,68.0
vehID40417,69.0
vehID10354,62.0
vehID30494,75.0
vehID40414,67.0
vehID40415,74.0
vehID10356,62.0
vehID30512,70.0
vehID40419,67.0
vehID10357,79.0
vehID30490,64.0
vehID40433,74.0
vehID10351,81.0
vehID40425,64.0
vehID30492,73.0
vehID40424,70.0
vehID10363,79.0
vehID30508,73.0
vehID40426,72.0
vehID10353,78.0
vehID40430,71.0
vehID30500,68.0
vehID10364,78.0
vehID30484,72.0
vehID40423,67.0
vehID10358,77.0
vehID30507,68.0
vehID10359,75.0
vehID30509,72.0
vehID10355,78.0
vehID30491,64.0
vehID10362,73.0
vehID30528,69.0
vehID30519,67.0
vehID10352,73.0
vehID30549,72.0
vehID10377,75.0
vehID30542,65.0
vehID10360,74.0
vehID30535,70.0
vehID10376,73.0
vehID30529,64.0
vehID10368,74.0
vehID30545,69.0
vehID20261,64.0
vehID10381,73.0
vehID10380,70.0
vehID30553,70.0
vehID20260,76.0
vehID10379,70.0
vehID20262,73.0
vehID30517,64.0
vehID10373,70.0
vehID20265,82.0
vehID30554,65.0
vehID20263,79.0
vehID30521,62.0
vehID20264,80.0
vehID30526,67.0
vehID20266,73.0
vehID30536,62.0
vehID20272,78.0
vehID30522,60.0
vehID20275,77.0
vehID30547,62.0
vehID20273,73.0
vehID30540,60.0
vehID20276,74.0
vehID30530,56.0
vehID40428,69.0
vehID20268,71.0
vehID20269,75.0
vehID30523,80.0
vehID20274,73.0
vehID30552,50.0
vehID20271,72.0
vehID30520,51.0
vehID40432,66.0
vehID30555,80.0
vehID20267,72.0
vehID40427,81.0
vehID30518,45.0
vehID20270,73.0
vehID40429,63.0
vehID30538,42.0
vehID20283,71.0
vehID40431,70.0
vehID20277,69.0
vehID30539,79.0
vehID40446,80.0
vehID20281,69.0
vehID30537,82.0
vehID20284,69.0
vehID40439,80.0
vehID30527,36.0
vehID20280,68.0
vehID40441,80.0
vehID30546,77.0
vehID20282,68.0
vehID40444,77.0
vehID20285,66.0
vehID30544,82.0
vehID40435,69.0
vehID20279,63.0
vehID30516,31.0
vehID40434,74.0
vehID20278,65.0
vehID30534,76.0
vehID40437,80.0
vehID40442,69.0
vehID30550,77.0
vehID40440,80.0
vehID30532,80.0
vehID10371,70.0
vehID40436,72.0
vehID30533,75.0
vehID10384,69.0
vehID40445,69.0
vehID30548,75.0
vehID10370,63.0
vehID40443,71.0
vehID30525,80.0
vehID10382,69.0
vehID40448,78.0
vehID30524,75.0
vehID10369,68.0
vehID40463,82.0
vehID10374,65.0
vehID30551,74.0
vehID30543,79.0
vehID10378,64.0
vehID40438,78.0
vehID30541,75.0
vehID10375,64.0
vehID40449,77.0
vehID30579,75.0
vehID30531,76.0
vehID10372,64.0
vehID30586,73.0
vehID40457,76.0
vehID40455,70.0
vehID10383,65.0
vehID30575,74.0
vehID30561,70.0
vehID40462,76.0
vehID10397,59.0
vehID30560,70.0
vehID40456,74.0
vehID10389,64.0
vehID40447,76.0
vehID10386,57.0
vehID40453,73.0
vehID10396,63.0
vehID40461,75.0
vehID10393,63.0
vehID30566,75.0
vehID10390,60.0
vehID40459,72.0
vehID30593,74.0
vehID10395,79.0
vehID40460,70.0
vehID30557,73.0
vehID40451,70.0
vehID40452,69.0
vehID10387,77.0
vehID30574,70.0
vehID30562,73.0
vehID40458,74.0
vehID10391,76.0
vehID40475,73.0
vehID30559,72.0
vehID10392,74.0
vehID40467,69.0
vehID30577,72.0
vehID40454,68.0
vehID10388,79.0
vehID30581,71.0
vehID40474,68.0
vehID10394,79.0
vehID40450,72.0
vehID30568,70.0
vehID40479,71.0
vehID10385,75.0
vehID30580,72.0
vehID40466,66.0
vehID10410,78.0
vehID40468,67.0
vehID30569,67.0
vehID10398,74.0
vehID30570,70.0
vehID10411,77.0
vehID30564,69.0
vehID10402,75.0
vehID30572,70.0
vehID10401,72.0
vehID30591,71.0
vehID10407,74.0
vehID10403,77.0
vehID30565,64.0
vehID30584,69.0
vehID10409,75.0
vehID20290,80.0
vehID10408,70.0
vehID20291,81.0
vehID30567,67.0
vehID10405,69.0
vehID20288,80.0
vehID30576,69.0
vehID20287,80.0
vehID30578,64.0
vehID20286,79.0
vehID30571,61.0
vehID20292,79.0
vehID30583,61.0
vehID30589,68.0
vehID20289,78.0
vehID30563,59.0
vehID20296,78.0
vehID30582,58.0
vehID30573,63.0
vehID20293,74.0
vehID30558,62.0
vehID20294,74.0
vehID30590,63.0
vehID20298,77.0
vehID30556,82.0
vehID20299,76.0
vehID30588,59.0
vehID20300,75.0
vehID30598,80.0
vehID40470,71.0
vehID20295,71.0
vehID30617,81.0
vehID40477,70.0
vehID20297,70.0
vehID30585,54.0
vehID40465,69.0
vehID20304,68.0
vehID30587,79.0
vehID20306,73.0
vehID30592,52.0
vehID40472,79.0
vehID20305,72.0
vehID30612,75.0
vehID40480,81.0
vehID40464,80.0
vehID20301,71.0
vehID30594,47.0
vehID40476,69.0
vehID20307,70.0
vehID30608,80.0
vehID40478,68.0
vehID20302,71.0
vehID30602,78.0
vehID30605,79.0
vehID40471,76.0
vehID20303,70.0
vehID30616,78.0
vehID40469,67.0
vehID20313,71.0
vehID30611,77.0
vehID40473,75.0
vehID20312,64.0
vehID30624,79.0
vehID20315,68.0
vehID40489,81.0
vehID30618,75.0
vehID10400,71.0
vehID30607,71.0
vehID40491,73.0
vehID10406,66.0
vehID30596,72.0
vehID40486,77.0
vehID30609,77.0
vehID40490,80.0
vehID10399,72.0
vehID30600,76.0
vehID40494,78.0
vehID10419,71.0
vehID30614,78.0
vehID40492,74.0
vehID40481,72.0
vehID30601,72.0
vehID10404,68.0
vehID40485,78.0
vehID10429,67.0
vehID40496,71.0
vehID10423,67.0
vehID40499,74.0
vehID10425,65.0
vehID40497,77.0
vehID10414,64.0
vehID40487,71.0
vehID10424,66.0
vehID40483,73.0
vehID10417,64.0
vehID10412,63.0
vehID40500,76.0
vehID10422,64.0
vehID40493,76.0
vehID10427,61.0
vehID30604,73.0
vehID40484,74.0
vehID30613,71.0
vehID10418,65.0
vehID40495,76.0
vehID10420,61.0
vehID40482,70.0
vehID10413,59.0
vehID40528,67.0
vehID10421,86.0
vehID40513,75.0
vehID30615,67.0
vehID10428,87.0
vehID40498,69.0
vehID30620,72.0
vehID10426,58.0
vehID40488,73.0
vehID30621,70.0
vehID40509,67.0
vehID10415,88.0
vehID30603,70.0
vehID30610,67.0
vehID40504,70.0
vehID10416,86.0
vehID40530,74.0
vehID30595,67.0
vehID40529,74.0
vehID10439,87.0
vehID30619,66.0
vehID40506,82.0
vehID10436,89.0
vehID30623,72.0
vehID40522,72.0
vehID10435,88.0
vehID40518,69.0
vehID30599,66.0
vehID40519,64.0
vehID10430,90.0
vehID40525,72.0
vehID30597,62.0
vehID10432,89.0
vehID40512,71.0
vehID30622,66.0
vehID10433,91.0
vehID30606,71.0
vehID10438,90.0
vehID30652,61.0
vehID10441,91.0
vehID30659,70.0
vehID10443,92.0
vehID30661,69.0
vehID10440,93.0
vehID20308,64.0
vehID30626,69.0
vehID10434,92.0
vehID10442,93.0
vehID20314,81.0
vehID30657,64.0
vehID30649,63.0
vehID20310,66.0
vehID30636,69.0
vehID20311,80.0
vehID30642,63.0
vehID30662,68.0
vehID20309,82.0
vehID30658,67.0
vehID20319,78.0
vehID30653,62.0
vehID20320,81.0
vehID30645,67.0
vehID20317,80.0
vehID30631,59.0
vehID20321,78.0
vehID30660,62.0
vehID20322,79.0
vehID30643,59.0
vehID20316,79.0
vehID30654,57.0
vehID20318,79.0
vehID30634,55.0
vehID40515,69.0
vehID30630,80.0
vehID20323,77.0
vehID30638,53.0
vehID40526,81.0
vehID20327,77.0
vehID30640,49.0
vehID40523,65.0
vehID20330,76.0
vehID30629,79.0
vehID40521,68.0
vehID20332,79.0
vehID30639,46.0
vehID40508,80.0
vehID20325,77.0
vehID20328,77.0
vehID30644,78.0
vehID40510,67.0
vehID30648,44.0
vehID20331,79.0
vehID40520,80.0
vehID30656,78.0
vehID20324,76.0
vehID40517,80.0
vehID30641,40.0
vehID40503,79.0
vehID20326,78.0
vehID30650,76.0
vehID40514,82.0
vehID20333,78.0
vehID30635,81.0
vehID40505,81.0
vehID20329,77.0
vehID40501,80.0
vehID40527,79.0
vehID30655,77.0
vehID20334,77.0
vehID40524,79.0
vehID30632,74.0
vehID40502,82.0
vehID20335,77.0
vehID10431,94.0
vehID20341,76.0
vehID30637,75.0
vehID40511,83.0
vehID20339,78.0
vehID10437,96.0
vehID30647,73.0
vehID40516,78.0
vehID10453,94.0
vehID30646,77.0
vehID40507,80.0
vehID40563,81.0
vehID10444,95.0
vehID30625,74.0
vehID30633,76.0
vehID40543,78.0
vehID10459,96.0
vehID10457,97.0
vehID30627,72.0
vehID40567,78.0
vehID10461,98.0
vehID30628,74.0
vehID40534,81.0
vehID30686,76.0
vehID10452,99.0
vehID40535,78.0
vehID30651,72.0
vehID10445,98.0
vehID40558,77.0
vehID30677,70.0
vehID10456,99.0
vehID40556,76.0
vehID30665,72.0
vehID10451,95.0
vehID30671,76.0
vehID30694,70.0
vehID40532,80.0
vehID10448,94.0
vehID40546,77.0
vehID10454,91.0
vehID40553,73.0
vehID10455,89.0
vehID30692,67.0
vehID40566,72.0
vehID10450,86.0
vehID30668,70.0
vehID40545,67.0
vehID40550,65.0
vehID10460,84.0
vehID40569,67.0
vehID40541,64.0
vehID10447,80.0
vehID30673,71.0
vehID40568,62.0
vehID10458,78.0
vehID30675,69.0
vehID40549,60.0
vehID10477,77.0
vehID40540,60.0
vehID30684,66.0
vehID10446,73.0
vehID40552,57.0
vehID30689,67.0
vehID40559,52.0
vehID10449,72.0
vehID30676,64.0
vehID10464,68.0
vehID30679,62.0
vehID40554,51.0
vehID10472,66.0
vehID10469,63.0
vehID30664,61.0
vehID10470,61.0
vehID30682,56.0
vehID10463,59.0
vehID30681,55.0
vehID10462,57.0
vehID30685,49.0
vehID10475,55.0
vehID30687,50.0
vehID10467,52.0
vehID30667,44.0
vehID10473,49.0
vehID30690,40.0
vehID10474,47.0
vehID30683,38.0
vehID30678,36.0
vehID10471,44.0
vehID10465,44.0
vehID20338,28.0
vehID30691,35.0
vehID10468,39.0
vehID30670,33.0
vehID20340,26.0
vehID10476,38.0
vehID30674,29.0
vehID20342,24.0
vehID20336,24.0
vehID30693,26.0
vehID20337,22.0
vehID30669,22.0
vehID20349,21.0
vehID30680,21.0
vehID20352,18.0
vehID30666,18.0
vehID20346,18.0
vehID40561,5.0
vehID30695,15.0
vehID20350,13.0
vehID30663,13.0
vehID20348,12.0
vehID30688,10.0
vehID20353,10.0
vehID20347,8.0
vehID30672,6.0
vehID30705,5.0
vehID40531,0.0
vehID20351,5.0
vehID30721,5.0
vehID40542,0.0
vehID20344,3.0
vehID30712,1.0
vehID40564,0.0
vehID20343,0.0
vehID30723,0.0
vehID40544,0.0
vehID40539,0.0
vehID20345,0.0
vehID20361,0.0
vehID30703,0.0
vehID40536,0.0
vehID40570,0.0
vehID20360,0.0
vehID30710,0.0
vehID40555,0.0
