vehID30016,106107.60683274742
vehID40021,298128.61412276636
vehID10004,363653.93313887535
vehID30007,106886.55229008429
vehID40026,270585.21733954945
vehID10003,388755.9690566343
vehID20001,192540.4205356153
vehID30021,121519.89256647065
vehID40028,279605.3202749753
vehID10007,359008.81825855165
vehID30011,110319.3865227394
vehID40032,275520.7898303085
vehID10002,381528.7188125407
vehID30026,121369.52134504772
vehID40007,259754.2790463513
vehID20002,155229.96315708073
vehID10006,351415.51326088293
vehID40018,272894.0622460822
vehID30004,119306.17014863115
vehID20003,156796.05390465373
vehID10009,341963.7374917756
vehID40011,260067.83542042214
vehID30024,104006.56074227153
vehID40024,259479.61060069545
vehID10008,347785.7638035895
vehID20004,161543.5482797881
vehID30008,434906.40752590797
vehID40030,242082.64721735707
vehID10010,355228.77823894477
vehID30020,425908.9071692456
vehID40015,237541.29089690663
vehID10005,344010.9018406879
vehID30009,435772.25745390105
vehID40023,238381.90011303168
vehID10014,337615.8607963545
vehID30027,433470.26152973
vehID40027,249075.6227722369
vehID10017,324916.6373609347
vehID30015,420312.5114214519
vehID40008,242084.9795284073
vehID10018,325812.5754949337
vehID20006,103825.53400228366
vehID30025,428799.2636902438
vehID40014,224030.23996068956
vehID10012,319000.6425782745
vehID30005,411403.4555561332
vehID40019,211265.80555911618
vehID10015,307361.83669296204
vehID20005,113444.94025659864
vehID30006,426979.7133348984
vehID40013,196180.56521465885
vehID10019,309628.1463687534
vehID30002,391807.1053981083
vehID40005,223985.36369372267
vehID10011,302109.413092887
vehID30014,382780.44745278923
vehID40033,205252.54880632443
vehID10013,301891.11316131207
vehID30010,385949.9803888629
vehID40004,195507.595768953
vehID10016,303500.432262366
vehID30003,379175.9338812031
vehID20008,110931.1139719525
vehID40009,169905.23062928257
vehID10020,307786.354447869
vehID30017,376895.50017731334
vehID30023,391523.47912916105
vehID40016,181891.75642284306
vehID10026,282822.82054510684
vehID20007,471139.0273255497
vehID30001,375063.6683702762
vehID40017,168402.48975005286
vehID10027,286564.6708680553
vehID30013,367379.18361950567
vehID40025,172357.1120771254
vehID10022,262598.39867162606
vehID30019,347519.8087467379
vehID20009,431442.2898216198
vehID40031,155270.05460217517
vehID10021,278463.33365565626
vehID30022,339949.5529408573
vehID40003,149744.7825817796
vehID10025,256549.75191969116
vehID40012,150727.62341457105
vehID20010,422930.672969316
vehID30018,333718.7368444736
vehID40022,147359.45733774375
vehID10024,256984.96940542394
vehID30012,345688.71180994157
vehID40006,158470.72492781724
vehID10023,247153.40376168495
vehID20012,421483.7068174016
vehID30030,329887.81592691917
vehID40001,152218.6015993416
vehID10034,243460.37201371856
vehID30043,338522.94839553663
vehID40020,126581.75562387292
vehID20011,391146.8857837437
vehID10031,243179.2009389726
vehID30038,320899.67977408995
vehID40029,116980.92693215043
vehID10035,247693.12942365208
vehID30050,335592.65769550804
vehID40010,113232.02522351564
vehID10033,229015.83504302587
vehID30034,304964.952700734
vehID40002,106209.53327073877
vehID10028,246161.9222785676
vehID20014,372816.8461111256
vehID30036,282355.0528080038
vehID40040,456888.51343379164
vehID10032,239292.1316111085
vehID20013,357308.7944414229
vehID30049,315232.95985480485
vehID40048,454206.53865223995
vehID10030,215806.82772681423
vehID30046,313575.1174090839
vehID40046,438211.2869198897
vehID10029,222177.86088230723
vehID30045,283467.1159058471
vehID40062,438614.85253860336
vehID10038,521890.7970292012
vehID30037,271812.4208764076
vehID40056,440896.5035146247
vehID10039,189830.18413260242
vehID20015,338614.80951195763
vehID30029,284421.53955793066
vehID40050,423412.2511682447
vehID10037,180580.31834495987
vehID20016,359001.45137674216
vehID30044,281092.3402832653
vehID40039,420368.99873876513
vehID10040,500641.68487053784
vehID20017,330575.34014070564
vehID30047,252954.88269352852
vehID40036,414428.97667757736
vehID10041,483977.2124867148
vehID20018,341685.1074754177
vehID30051,266649.23330873647
vehID40047,416080.27553556446
vehID10036,483188.13667965913
vehID10043,484051.35848978075
vehID30031,251161.99149996886
vehID40044,402198.83522094175
vehID10042,483600.1879077741
vehID30042,257836.52066342495
vehID40038,385286.8691149499
vehID10047,485362.7219840434
vehID20019,312002.87803417246
vehID30039,255302.80755782186
vehID40057,406466.4563558691
vehID10048,469477.29007781285
vehID20020,295233.6434342027
vehID10044,456941.5003866156
vehID30033,252747.4013878126
vehID40055,375415.58412641584
vehID10046,451206.46866377647
vehID30040,218595.27697392623
vehID40064,369958.77361385315
vehID10045,453369.34161291027
vehID30035,215249.75694588153
vehID40065,382721.25087645295
vehID10049,441145.0420756449
vehID30032,235894.4781852409
vehID40035,375776.16257097846
vehID10051,451565.1866527773
vehID30041,228615.9786198685
vehID40059,367709.1294269828
vehID10054,431944.8287201393
vehID10056,444922.61599861836
vehID30066,203178.598720632
vehID40061,356961.06911967695
vehID20021,278638.4086808872
vehID40041,370396.917489043
vehID10050,447147.86723898107
vehID30070,216641.25453133933
vehID40049,346415.1655114093
vehID20022,253212.54892804744
vehID30028,511841.26780726714
vehID10055,447810.3809890492
vehID40063,339084.27450664464
vehID10052,455185.1449449061
vehID30069,156308.1473645998
vehID40058,304306.05614711385
vehID20023,250537.22635959243
vehID10057,407557.906462876
vehID30048,173193.4738182668
vehID40045,317375.2110128011
vehID20024,244014.0788229488
vehID10053,420493.0203212862
vehID30064,143106.6588461299
vehID40053,344913.74554176145
vehID40052,328803.122417765
vehID10063,422311.6513349634
vehID30065,156213.5036732017
vehID40037,328560.72705142247
vehID10059,420559.02490489796
vehID30071,154562.1332544593
vehID40054,318778.23090746446
vehID10061,421025.1562457203
vehID30072,157129.3275511992
vehID30068,153679.05540232258
vehID40043,306312.72511346237
vehID10058,416695.8437633049
vehID40042,311940.5923715242
vehID30053,138174.13672633067
vehID10064,413214.7689906594
vehID40051,319071.54539688304
vehID30055,143263.615261402
vehID10060,399264.5789288382
vehID30063,128866.54439413446
vehID40034,304086.24660445517
vehID10062,384000.0728270824
vehID30052,450988.3714501381
vehID20026,170395.37644005276
vehID30058,111025.34895808632
vehID40060,609690.5870764846
vehID10068,378769.7007800963
vehID20025,186889.27011556554
vehID30062,425149.2745014687
vehID40089,277568.00126870914
vehID10066,389457.50984932896
vehID20027,173821.1518821333
vehID30054,428689.63547891396
vehID40082,271981.82672482205
vehID10069,375931.4086299419
vehID40078,266115.94662476616
vehID30060,428924.9782225245
vehID40069,296232.51088238484
vehID10070,385976.50319580507
vehID10065,380719.73063377425
vehID30059,412985.0454526565
vehID40071,605718.2232452038
vehID30057,410428.03380840825
vehID10067,677459.7194465027
vehID20028,155151.2990098231
vehID10072,378787.46155591676
vehID40088,246428.65876809298
vehID30067,398475.16872723255
vehID40085,274192.52604330145
vehID20029,149049.07541381795
vehID10074,354242.69454253535
vehID30061,397868.9228382189
vehID20031,142060.2706384129
vehID40077,263185.42624137324
vehID10075,674286.2958340256
vehID30056,381912.5461011993
vehID40076,238806.3913619738
vehID10071,356621.66500835813
vehID30078,402743.2141108911
vehID40073,580451.142603445
vehID30075,378486.73455685354
vehID10073,668332.5522476004
vehID10076,658615.6144241637
vehID30074,382645.63631195977
vehID40067,551418.9627773266
vehID30084,377295.3842165155
vehID10078,341179.85183968226
vehID20030,103705.38005386936
vehID40072,228843.02164353072
vehID30076,378032.0214233814
vehID10080,646281.2277717646
vehID20033,463054.6252788106
vehID40084,550025.0191287275
vehID30079,361855.98144324863
vehID10077,646789.9505313392
vehID40074,546387.4235390689
vehID10079,631745.9326311483
vehID30090,357824.69432850985
vehID40081,552040.739610139
vehID10082,645414.0351940311
vehID30092,355428.34142781683
vehID20032,471973.55916356284
vehID10081,616892.4920168653
vehID40092,531702.7451330366
vehID30093,345419.04597141704
vehID40087,526239.6098372869
vehID10086,630190.208349695
vehID20035,431843.1754961332
vehID30082,367877.02828079235
vehID40091,536621.0893439705
vehID10088,612187.6589552311
vehID20034,434631.18213347136
vehID30085,374255.2803432352
vehID40093,512543.72228444944
vehID10084,607332.3825155993
vehID30073,350703.0528180265
vehID10085,604587.1174634479
vehID30083,362745.4778507326
vehID40079,508617.880881841
vehID30091,329726.27844162285
vehID10083,612214.0513473776
vehID10087,612897.1603512407
vehID40090,496134.63613957725
vehID30081,372243.58314343484
vehID10090,599231.8843405436
vehID30087,348294.457774351
vehID40075,509098.3623958878
vehID30086,307370.8989844567
vehID40086,482440.32732068916
vehID30089,319631.3946308169
vehID20037,402512.807656322
vehID40068,484889.97446772084
vehID30080,291509.80726094637
vehID40083,476749.9613227436
vehID20036,404438.8303424048
vehID30077,316298.4701313562
vehID40066,451044.4894528424
vehID30088,277724.74900655844
vehID40080,476669.3524470793
vehID20038,391422.4068202755
vehID30103,307179.4147295352
vehID40070,448975.36481153016
vehID30102,280250.368515848
vehID40106,444173.19338369917
vehID30109,251907.67934829838
vehID40119,467137.0564082613
vehID30097,291001.809665818
vehID40102,452357.03137729055
vehID30101,269892.36021328194
vehID40107,438626.6973459851
vehID20039,320506.99161850073
vehID30105,294580.4622935486
vehID30098,295080.7651094785
vehID40121,452789.0473664699
vehID30108,584348.8018003267
vehID40112,426826.42616885895
vehID30104,252335.33584418744
vehID40117,406300.6109492132
vehID30096,227925.8977944178
vehID40122,439458.6218759239
vehID30107,249766.34702101108
vehID40110,413681.9631876399
vehID30111,217300.48389433467
vehID20040,305399.6398045699
vehID40116,762813.9467009136
vehID30095,244444.08184242912
vehID20041,302949.494765228
vehID40109,400681.8382956557
vehID30100,547706.7948084613
vehID30110,213509.1156630636
vehID40111,397643.941205131
vehID30099,221447.45335058068
vehID40105,393604.1737231719
vehID30106,212486.921251946
vehID20042,275595.6559717508
vehID40108,381562.3678883767
vehID10094,446177.74915381667
vehID30094,202020.524480904
vehID40118,375014.8276919054
vehID40114,382952.4529793315
vehID10092,441511.59995525575
vehID30122,529038.2807180751
vehID20043,251991.811190044
vehID30129,197784.89106675435
vehID40095,344833.04574357107
vehID10091,452113.97239291534
vehID30124,190659.64254087195
vehID40120,385337.38387556263
vehID10093,430962.3225423784
vehID40113,727582.7957805454
vehID30118,178000.0025486024
vehID10089,434399.9796268488
vehID40096,339671.72391809925
vehID20044,248519.70083373832
vehID30123,494349.3577227608
vehID30114,486045.9332725216
vehID10100,409827.45306085644
vehID40097,363667.55924838997
vehID40104,696915.8771942155
vehID30121,178818.78414944926
vehID10099,424327.15132749046
vehID40101,694846.4715253749
vehID30117,470875.56766250107
vehID10096,416220.63112058403
vehID40094,698043.4249486692
vehID20046,221115.82853275072
vehID30120,485729.9102063053
vehID10097,408790.5717466776
vehID30126,137510.78376939683
vehID40099,329498.6795043245
vehID10095,419899.3702211714
vehID30113,453475.2808784631
vehID40115,668575.8583949476
vehID20045,210501.7559372787
vehID10098,422914.1334502521
vehID30127,450831.1639199833
vehID30128,118225.49772847384
vehID40123,654410.9012955704
vehID10102,386732.5474749435
vehID30112,427847.0621483709
vehID40098,638522.15132695
vehID10101,389727.6422473642
vehID20049,179391.35908836403
vehID30116,420011.4043381266
vehID40103,654265.8582025756
vehID10103,412119.53888330865
vehID20048,176515.50389668375
vehID30125,434046.7004684231
vehID40136,650246.0689991141
vehID40100,646606.3276233337
vehID10104,405002.3922291512
vehID20047,180065.9601867569
vehID30115,453148.66216401546
vehID30119,447210.65546318516
vehID40134,632444.708805601
vehID10106,378042.8121593904
vehID10105,387267.50581146544
vehID30142,433798.11987659696
vehID40141,629160.2894607722
vehID10107,663844.149782179
vehID30140,416920.3279831192
vehID40150,619128.5627500232
vehID10108,347744.876427385
vehID30137,424893.9526702016
vehID40144,638345.8511821467
vehID10109,355663.68151615094
vehID20050,130192.88785351411
vehID30138,417683.5010743108
vehID40147,610794.2978883435
vehID30141,416072.79419984814
vehID10110,653698.3604044543
vehID20051,130616.99358566175
vehID40138,601333.0893908904
vehID30144,375495.9989523636
vehID10111,339632.86731509643
vehID40132,601619.2682805303
vehID20052,141038.8281517743
vehID30145,396317.75931037555
vehID10112,642927.7949098785
vehID40133,594148.2118957535
vehID20053,129514.35803688059
vehID30134,370563.01278041693
vehID10113,649553.5215070285
vehID40149,572200.0303280358
vehID30139,403531.54371463886
vehID30143,400278.738457086
vehID10114,620191.8722117655
vehID40127,589602.998426059
vehID30136,410326.95048549125
vehID10116,621116.2401692434
vehID30135,384198.630254831
vehID40146,567340.6829902198
vehID10115,625390.4023695934
vehID30146,367164.9890231569
vehID40137,573732.6308605289
vehID10117,612381.6271774272
vehID30131,389999.32267640036
vehID40140,553868.2738718375
vehID10118,607141.5875520194
vehID30132,364972.7904289364
vehID20055,422740.9165666316
vehID40124,553517.0402531883
vehID10120,612316.2312116269
vehID30133,346786.83006644604
vehID40139,545096.9512586815
vehID10119,597926.7488555697
vehID20054,439090.46109824715
vehID30153,354209.3113766635
vehID40129,533215.1512722718
vehID10121,600974.6942510498
vehID30130,334062.9122208848
vehID20057,408904.3529479084
vehID40125,526670.4336025581
vehID10122,592987.4544247914
vehID30148,357377.7949150502
vehID10123,587191.8865882708
vehID40135,536217.8966054973
vehID30162,368191.79889232526
vehID10124,584900.0218019738
vehID30159,331479.60799840186
vehID40130,535350.9175593648
vehID10125,578417.0417355826
vehID30156,332553.50028518116
vehID40128,497189.91781156475
vehID20056,380879.17345918994
vehID40145,506640.4260984745
vehID40148,514714.9279497993
vehID30155,336762.68883459305
vehID30164,340293.31793445797
vehID40131,507726.5890992628
vehID20058,373420.1582497901
vehID30157,322061.77302375226
vehID40143,848911.3887255273
vehID30151,344912.2379622151
vehID30163,318961.04798969615
vehID20059,378012.97750922537
vehID30149,630153.243482794
vehID20061,369223.60215815296
vehID30150,299069.9059977593
vehID20060,370061.9147488638
vehID30161,316594.40075041505
vehID30147,294247.8212087998
vehID40126,808244.1781613695
vehID30152,291273.0721110302
vehID20063,356988.4301380503
vehID30154,601395.972055551
vehID40142,461246.97920178436
vehID30158,255003.4372271077
vehID20064,333815.51586667955
vehID40172,469288.0244919394
vehID30160,268903.2295465528
vehID20062,311495.85662745306
vehID40157,816979.7521402694
vehID30169,586137.0840156327
vehID30173,249447.7631340211
vehID40160,464211.5285206363
vehID30165,257836.93191671488
vehID20065,308648.01582901087
vehID40158,452372.43219089054
vehID30170,252391.70505585434
vehID20067,318216.247937295
vehID40159,779800.7955987239
vehID30171,553566.7034116796
vehID20068,317853.63021232304
vehID40173,439126.6869126602
vehID30174,555210.5656242588
vehID40165,425474.3134102205
vehID30176,552483.7496840814
vehID20066,307800.0673307702
vehID30167,240065.79362076047
vehID40170,772649.042339232
vehID40166,768522.8321230503
vehID30172,200386.99294480716
vehID40171,759538.8895350511
vehID20070,267847.99469961703
vehID30175,528323.7459369543
vehID10126,421847.5656417617
vehID40152,751985.3173215725
vehID10127,439149.8901795077
vehID30168,208184.57913902536
vehID40153,758921.9385878732
vehID10128,434654.61604106746
vehID40156,746663.5699896971
vehID20071,275970.66434742796
vehID30177,526305.1030521619
vehID40151,741806.7772937629
vehID10129,434584.3723289593
vehID20069,263510.6069184508
vehID30166,503664.2286536205
vehID40169,728864.0337669163
vehID10130,420964.31118062907
vehID20072,269901.09184170887
vehID30178,511142.8727156601
vehID30189,503536.57168381556
vehID30191,503162.60094122216
vehID40175,723598.243756093
vehID10133,440325.6705875818
vehID20078,288973.76233268005
vehID30185,493061.24780322757
vehID40163,709012.6847910254
vehID10132,427133.1977368535
vehID20076,250383.0144078953
vehID40154,719175.9366434093
vehID30179,488363.0728657921
vehID10134,406885.02751046896
vehID20075,238842.7858117055
vehID30187,486467.70293504035
vehID40155,706321.4014117052
vehID10131,415724.66292018635
vehID20077,236279.49427580877
vehID30188,481267.40153625316
vehID40167,726812.5928200402
vehID40168,695734.2217629155
vehID40164,706616.2676539067
vehID10135,409796.5803093827
vehID20074,239441.74398157164
vehID30182,474292.2719932762
vehID30190,453776.85100930533
vehID40174,683736.5767337349
vehID10137,400240.7604170543
vehID20073,234546.2907356382
vehID30181,457440.34262571327
vehID40161,672336.3932718431
vehID10136,388961.15115926793
vehID20082,210992.79855963777
vehID30180,454901.5446638384
vehID40162,675587.4163646584
vehID30186,464499.261471487
vehID10138,404785.6726016739
vehID20079,216881.24818705302
vehID30192,468676.9644276046
vehID40177,660284.2024116743
vehID30184,460084.55661822873
vehID10142,396972.32402234216
vehID20080,541415.4778281723
vehID40195,677449.2854504198
vehID10143,380769.9805606071
vehID20081,535470.6603790957
vehID40194,660969.7960074634
vehID30183,418028.86636588455
vehID10140,387007.18828200374
vehID20083,536849.0997129452
vehID30206,431436.4017769878
vehID40188,655769.8183975038
vehID10139,363521.4888765033
vehID30199,424073.2837252961
vehID40180,645762.8975209815
vehID40182,636691.7141411068
vehID10144,362702.6229942492
vehID20084,518613.99841497344
vehID40184,978029.3889571452
vehID30205,434111.63144541875
vehID10141,375551.534030866
vehID40187,629410.3661897774
vehID20085,510771.1597855683
vehID30207,441281.975148811
vehID40191,633239.3113239863
vehID10147,350383.6459874944
vehID40190,626258.7907093101
vehID30195,408456.65846910194
vehID40183,632558.8956769618
vehID10146,655608.3990395416
vehID20086,478970.6525313583
vehID40186,631314.5507750786
vehID30202,434863.0783539046
vehID40176,623643.3218318892
vehID10149,663211.1502849649
vehID20088,478643.3753623578
vehID30193,429913.4608427756
vehID10145,648473.7673114482
vehID20089,501442.5573738763
vehID30201,402383.65941801574
vehID10150,655931.142755571
vehID20087,469308.8186491041
vehID30198,377214.17614444747
vehID10148,633011.6578174682
vehID30204,399458.1841177143
vehID20093,487391.00669837586
vehID10152,640279.1068736478
vehID30196,384130.2579933497
vehID10153,635913.1898714829
vehID20090,473209.7031377826
vehID30203,381227.3281430918
vehID10151,630583.8099368087
vehID20091,463006.3756990266
vehID30194,385343.6635427699
vehID10156,607116.5610906408
vehID30200,377858.64539540873
vehID10154,609340.592431673
vehID20092,436198.15068078163
vehID30197,388759.8789418745
vehID30214,377178.14037397073
vehID10155,619285.4353766483
vehID20094,460913.7427562902
vehID30210,358015.22056696436
vehID10159,611321.9608262987
vehID10162,607549.6944335437
vehID30216,386685.8982262953
vehID10157,585676.6716982201
vehID30212,351233.53409309266
vehID10161,582668.8275003993
vehID20095,423137.3269050117
vehID30213,355650.5135279176
vehID30217,368138.7247035498
vehID20097,417223.88867247506
vehID30209,360864.40491274255
vehID20096,427004.26328280475
vehID30215,335090.79247464857
vehID20101,430768.9452022772
vehID30211,343339.1810299323
vehID20100,410151.5908853645
vehID30218,332447.9589495921
vehID20099,411303.0676378292
vehID30208,316792.3973888435
vehID30220,335665.3127946963
vehID20098,404807.5391913805
vehID30227,344773.59469800856
vehID30226,630472.360647091
vehID30222,311817.69595778344
vehID20105,396328.808464894
vehID30219,609334.7538011665
vehID40192,801664.6431601206
vehID20103,390698.26308572944
vehID30221,587241.2719448636
vehID40181,487672.8375300599
vehID30223,608249.4302821805
vehID20104,380170.79216379556
vehID30224,282923.86890439974
vehID40178,457905.3430275693
vehID20102,366212.36652610946
vehID30225,597048.5709403267
vehID40189,454789.49839788215
vehID20108,680309.1643946869
vehID30228,586762.0843182338
vehID40185,444706.8429144874
vehID20109,700549.847808037
vehID30235,238165.79390254212
vehID40193,446825.0024162397
vehID20106,680078.5520227489
vehID30236,564225.4187058847
vehID40179,777070.9728641838
vehID30231,545399.9657745927
vehID20107,673135.6013707544
vehID40196,759034.1392476474
vehID30229,564944.529964356
vehID40197,421717.0006612219
vehID20111,663587.1956825511
vehID30233,567509.4049510635
vehID40208,764543.9793533699
vehID30232,577364.5010354411
vehID30234,570711.9493537216
vehID30230,545003.9936083016
vehID40205,734246.5571403992
vehID10158,443333.6175582173
vehID10160,436773.9628529113
vehID30240,538302.7362502544
vehID40199,757100.639030385
vehID20112,640917.3009862396
vehID10169,458989.9005177077
vehID30239,523611.91070804955
vehID40202,728395.0719656317
vehID20110,638372.8657473
vehID10171,452624.9603645869
vehID30241,526582.4951199805
vehID40206,736932.7012592301
vehID20113,647678.5203194219
vehID10168,442833.4689040263
vehID30237,506894.6490410575
vehID30242,513081.8125728335
vehID40198,702316.7027617906
vehID20115,632203.2630003083
vehID10165,456347.3521754418
vehID30238,526605.2629709314
vehID40212,712587.6879026544
vehID30244,505883.14338117186
vehID40215,732235.6928201042
vehID10163,447695.8953730165
vehID20116,646121.4219512211
vehID20114,635481.3417158001
vehID40214,700483.3654477346
vehID10170,440295.4167946881
vehID40201,724143.3076159948
vehID10164,447580.4667957342
vehID20117,612586.3433542844
vehID40210,690737.4298106611
vehID10167,422955.17811312125
vehID40204,696207.9018212055
vehID10166,424379.03871073044
vehID20120,588433.341362361
vehID40213,676392.125030285
vehID10175,416684.5414488455
vehID20118,594787.6147944975
vehID40207,696975.1433316107
vehID10177,425174.57755854237
vehID20119,603864.0652342723
vehID40211,659652.9221796609
vehID10172,407236.74176728964
vehID20122,574307.3637502367
vehID40222,665759.9668196164
vehID10176,399532.68808762234
vehID40203,631918.9078134449
vehID10174,405210.58958677144
vehID30246,446734.912512762
vehID20121,567857.7175002643
vehID40209,665692.0340057424
vehID10173,402921.44082028035
vehID30243,444061.35374996415
vehID30245,431985.365424269
vehID40216,655280.3196415494
vehID20124,556681.3337004193
vehID10183,398945.8901210665
vehID30247,431782.46690739953
vehID40200,667769.9236632655
vehID20123,548613.6642161642
vehID10178,392678.6802072819
vehID30248,431122.2753400578
vehID40228,636105.126047848
vehID40224,620955.3567399693
vehID10179,700139.0644246918
vehID30249,461288.52545563976
vehID40220,639013.7635547742
vehID30254,453721.3788623763
vehID20125,529720.0831047104
vehID40227,634869.3959750752
vehID10180,686013.4788239622
vehID30250,412976.40882838366
vehID40217,636614.0889932945
vehID10182,693771.3214679066
vehID30253,430053.86492156785
vehID20126,533434.5885354212
vehID40219,615912.1870266704
vehID10181,667044.4059384497
vehID30252,405351.024043756
vehID40230,597967.8833547517
vehID40225,626684.0819916895
vehID20127,521897.3461829881
vehID10184,678015.0872205853
vehID30256,409156.0791473508
vehID40223,608727.6016065701
vehID20130,507817.06809976697
vehID10189,667255.2191578415
vehID30251,407816.5205186213
vehID10188,648169.980205462
vehID30255,427575.81724413444
vehID30259,407581.61069800996
vehID10191,638425.5001425656
vehID20129,491036.29277239967
vehID30258,379872.9145595707
vehID10187,648350.1622272278
vehID10190,644365.8384032346
vehID20128,485400.0997054146
vehID30260,384945.2086393013
vehID10186,642947.1544595294
vehID20133,811738.1384502302
vehID30262,388540.15697691514
vehID10185,621422.1953010755
vehID30257,377694.29794511973
vehID10196,629321.1013090862
vehID30261,365769.09255748073
vehID20131,797245.8328585483
vehID10199,615436.8594077304
vehID30263,379215.0041709355
vehID10195,623080.0246186078
vehID20132,781730.4507915409
vehID30264,339823.0268567627
vehID10194,580906.0619206834
vehID30267,350559.3287019241
vehID10198,607748.4349854193
vehID20137,807514.4742159046
vehID20135,780818.2089367654
vehID30265,362079.4235705889
vehID30266,329515.4863781535
vehID20134,810875.4015698009
vehID30269,325969.26258080185
vehID30268,340885.1154313073
vehID30271,666197.2231385105
vehID30270,652161.3743525565
vehID20138,755190.9532368368
vehID30272,650152.0454408176
vehID20136,766148.904670813
vehID30276,304467.33737509453
vehID20141,758428.3221303554
vehID40226,473229.27269883966
vehID30275,293960.7133471383
vehID40218,474540.4374342029
vehID20139,767649.5767921595
vehID30278,639821.6239499784
vehID30273,275094.1128357484
vehID20142,749878.072763079
vehID30274,614661.5936810806
vehID40221,800456.5582372915
vehID20140,737711.2678384596
vehID30281,618413.4008503982
vehID40231,437915.0145773479
vehID30277,275950.3301493193
vehID20143,725146.4357580655
vehID40245,465063.31542189396
vehID30279,604427.7678912315
vehID20146,741259.5304956272
vehID30280,616870.6789532303
vehID40229,447898.51710581884
vehID20145,715551.7974321372
vehID30282,267486.4237390301
vehID40239,457499.62854538084
vehID20144,716241.8948370023
vehID30283,587086.4741859455
vehID40240,444091.3045571314
vehID30287,561643.3791959737
vehID40244,765274.7247212718
vehID20148,682184.2470457735
vehID30288,569250.0238188854
vehID40246,744212.2607860712
vehID40236,438669.89000834146
vehID20149,695676.3481079566
vehID30285,575365.0979049263
vehID20150,683219.4788753848
vehID40248,753487.4675748494
vehID30284,563115.0789109699
vehID40241,745131.964527654
vehID20147,688066.2400283634
vehID40243,745352.230486861
vehID30286,544452.2842299616
vehID40238,723295.9627888129
vehID20151,666408.4365553864
vehID30289,545521.0275692596
vehID10192,464645.31149149203
vehID20153,675602.1718064211
vehID30292,560844.2097706216
vehID40237,731343.7835289453
vehID10193,453515.8146492772
vehID20152,678207.6508383227
vehID30290,544098.5206900542
vehID40233,733528.4314260002
vehID10197,440342.5165992163
vehID20156,661841.1689296907
vehID30293,521920.5029780862
vehID30291,512545.5102165539
vehID40232,732507.9469111701
vehID30299,521658.57302299445
vehID40242,720307.9762974994
vehID10202,448273.2306762852
vehID20155,651726.4600552586
vehID20154,643703.0849302596
vehID30298,518328.35533222917
vehID40247,720666.946196648
vehID10204,441577.3549509408
vehID30297,527253.1307200604
vehID30295,516682.80958999495
vehID40234,709394.5579685842
vehID10206,420898.6222649619
vehID30296,507272.37533619464
vehID40249,701155.3706226645
vehID10201,446464.2990988421
vehID40235,694537.8819435191
vehID40258,701223.3858015767
vehID10205,421078.9567089916
vehID40250,707332.6195581728
vehID10200,411891.9685756451
vehID40265,695010.0288446514
vehID10203,423299.3505849196
vehID40261,681327.2499629167
vehID10207,388708.6948937911
vehID40253,677399.7579614378
vehID30294,471277.1178533633
vehID10212,407710.5647464291
vehID40264,664546.7893061365
vehID10213,395171.6096327114
vehID40257,665878.9113668833
vehID10211,379617.79719651066
vehID40251,656799.9861467236
vehID40252,656567.6934012192
vehID10208,376609.42444414605
vehID30304,449409.9359246447
vehID10217,391915.2842049089
vehID40262,656160.4581910408
vehID30302,421829.6603320222
vehID10210,372350.38428475795
vehID30300,464554.49022924673
vehID40260,621833.9592919385
vehID40255,630594.3472903791
vehID10214,383561.26436706446
vehID30301,461039.5851522659
vehID30303,438401.7700310917
vehID40256,621208.3467455473
vehID10209,380481.282779797
vehID30307,457866.3518887888
vehID40259,600624.2482867301
vehID30306,456802.334521087
vehID10215,667601.0696276152
vehID30305,437563.07517220546
vehID40263,626159.0288987623
vehID40254,613348.7619463701
vehID10218,668140.5422321277
vehID30308,436326.1691679897
vehID40274,621517.6131227061
vehID40271,602833.7876551157
vehID10216,658402.680642112
vehID30309,403110.8833146609
vehID40266,927640.3836746962
vehID10219,652091.3029181492
vehID30310,427086.6367000586
vehID10221,649114.028474507
vehID30314,404349.1331381398
vehID10223,644253.3421152022
vehID30312,429009.7856648568
vehID30313,418187.83856560563
vehID10220,623513.7476130207
vehID10228,636089.8794459794
vehID30311,415021.9093834307
vehID10230,625690.1250836331
vehID30317,438400.09964790044
vehID30319,407164.45589259866
vehID10224,607149.247588924
vehID30315,397483.3025955055
vehID10227,623570.0803582302
vehID10222,612618.6230046717
vehID30316,392316.57568401925
vehID20160,821559.2612571482
vehID10225,605577.5604969087
vehID30318,712984.6772337726
vehID30320,385798.50132490066
vehID20158,459305.3828703568
vehID10229,600572.5870287477
vehID20159,809425.9427461694
vehID30323,389003.5405919551
vehID20161,808312.8728775467
vehID30324,675906.5338756873
vehID20157,798694.3280168008
vehID30326,344100.6822303006
vehID20163,803147.1359189491
vehID30325,646524.1885417633
vehID20166,803680.5887800106
vehID20162,787555.4021733493
vehID30327,656546.9420235868
vehID20165,798527.2064354923
vehID30322,330974.96300154517
vehID20168,802993.0636789005
vehID30321,652566.6709414078
vehID20167,783602.6083086652
vehID30338,317169.9810418338
vehID20164,783802.6099003394
vehID30341,643667.4233695299
vehID30335,651875.6782486064
vehID20170,772540.617919886
vehID30334,630810.0524544156
vehID30329,612924.2009064101
vehID20173,760804.7993949263
vehID40280,798196.282263396
vehID20175,753597.9632484585
vehID30343,292308.2099552713
vehID40273,464628.313623694
vehID20171,749740.4239310462
vehID30332,289336.1360106731
vehID20177,763806.0952541901
vehID30330,587284.8302455666
vehID40270,789019.7368740833
vehID20176,741879.1538264853
vehID40269,449299.78249675926
vehID30328,590918.6401613351
vehID20174,733219.5021285386
vehID40276,790831.9193696813
vehID20169,735493.9973247463
vehID30333,603983.8436126643
vehID40272,434802.08661274606
vehID20172,738055.7125571283
vehID30336,587952.7900598699
vehID40268,402178.11862182204
vehID20181,724167.5687087529
vehID30337,583492.4367074084
vehID20183,732339.4242883348
vehID30340,579826.5811542415
vehID30339,575747.6568394956
vehID40275,769115.2207146225
vehID10226,464996.95981676166
vehID20184,716318.114498092
vehID30342,577566.9956405702
vehID40267,416646.54589990084
vehID20178,1063773.7530174726
vehID30331,561650.3733056971
vehID40278,753186.9763538485
vehID30350,555214.3067089755
vehID40279,752239.6686131681
vehID40277,727820.5218440964
vehID10236,454960.566222142
vehID40281,408007.7148669312
vehID10231,448414.5825867736
vehID40282,726719.492802449
vehID10232,435220.61011004884
vehID40288,703298.1920186697
vehID10238,445471.3267564085
vehID40290,717315.220016889
vehID40293,718176.786729077
vehID10241,427598.42857142456
vehID40287,721398.4993035034
vehID10242,428053.8901979872
vehID40283,689672.8011162279
vehID10237,415223.1513329605
vehID40292,692287.2223277076
vehID10233,420828.39317061857
vehID40284,690401.0035663851
vehID10234,406690.24818916974
vehID40289,697255.1348697655
vehID10239,423088.6518636097
vehID40286,692310.6892111476
vehID40285,685618.9508834295
vehID10240,385413.6652825182
vehID40294,682625.8771498274
vehID10235,402518.517335542
vehID40295,674861.0377413769
vehID10254,394881.6487808448
vehID40291,667067.9611570903
vehID10250,380486.25535862346
vehID40302,657429.5960328132
vehID30352,438879.1007334744
vehID10255,364844.1306037115
vehID40301,628942.1424134616
vehID10253,383628.35555436776
vehID30345,435595.3931617192
vehID40307,649917.3094886563
vehID10244,380552.3989796455
vehID30348,449482.35341615445
vehID40296,627316.1298482246
vehID10251,362098.31251266244
vehID30354,422767.77979039156
vehID40304,615948.9941772468
vehID10245,357607.98805587826
vehID30357,429363.70539657626
vehID40303,612044.6039087396
vehID30355,438390.7097173364
vehID10247,346741.5317750226
vehID40300,611681.5179592374
vehID30353,398750.7534341432
vehID10248,661472.3423673876
vehID40309,957353.4862118046
vehID30344,394520.38257039676
vehID10243,334725.5932527131
vehID30347,401277.1024604051
vehID40297,947192.182580814
vehID10249,647535.0617643691
vehID30356,408992.72381115844
vehID40305,583289.0962230435
vehID40308,591619.3609211113
vehID10252,638906.1209021227
vehID40298,611847.034441106
vehID30358,381160.0350584022
vehID10246,632830.1596700931
vehID40299,581734.5541035495
vehID30346,416584.1007609189
vehID40310,932922.7858199354
vehID10260,622102.5802219596
vehID30349,372373.32803093275
vehID10258,639305.7489697491
vehID30351,348082.34318619914
vehID10256,621088.874393705
vehID30367,353606.3979336264
vehID10257,611259.9454474554
vehID20179,469485.91393902316
vehID30362,355669.36596722406
vehID10269,604581.8435378475
vehID10263,604019.18547228
vehID30371,381740.71589532314
vehID20180,808867.9919130456
vehID10259,607872.9145538566
vehID30366,352100.93503631075
vehID10270,581932.4262510078
vehID20182,807047.1392612853
vehID30364,363208.7502085438
vehID10265,587772.8198415628
vehID20186,810614.408211776
vehID30372,349343.7804386308
vehID10267,583195.6691208356
vehID30365,345372.79025537113
vehID10264,583991.2797045065
vehID20189,791602.2835082547
vehID30360,327832.2557607034
vehID20191,801117.566398474
vehID30369,344038.4050680685
vehID20185,800663.0340702856
vehID30359,327230.98260032566
vehID20187,798330.1544343196
vehID30363,312783.96881292557
vehID20190,775363.6008469121
vehID30361,320768.35663154826
vehID20188,776438.2601477753
vehID30370,326517.4007870233
vehID20192,754266.3387392438
vehID30368,298526.60440587497
vehID20196,768090.2128713401
vehID30373,323338.1398680665
vehID40306,473319.63652467163
vehID30383,620619.6531294658
vehID40316,469660.2511977027
vehID20194,770125.6960687703
vehID30382,607332.4892877687
vehID40319,456834.4999578294
vehID20198,748248.674434558
vehID20193,765306.1500213253
vehID30377,285055.0014973452
vehID40312,820150.9326458506
vehID20195,753504.8314706782
vehID40320,434506.57997438405
vehID30376,280097.8219883987
vehID20197,732497.3311976988
vehID40318,445746.89811486285
vehID20202,744984.2114792846
vehID30379,277261.93491475
vehID30381,577211.9985117553
vehID30375,266934.8590784065
vehID40314,784780.6796853362
vehID20204,754712.4157971465
vehID30374,575948.409840233
vehID40311,772968.3444114656
vehID20201,713534.7132726194
vehID30378,255661.67467875348
vehID40321,434440.48071056505
vehID20200,733010.812779185
vehID30380,545284.5355568927
vehID40315,776366.9442705845
vehID20205,714678.8801162667
vehID30384,574983.3946180377
vehID40317,775672.5038772777
vehID20199,690554.6068251671
vehID30400,540654.2885081059
vehID20206,708622.4673279774
vehID30397,240166.3894823224
vehID40323,774089.850980358
vehID20208,691968.9882108609
vehID30387,534702.2936691451
vehID20203,686091.7225128523
vehID30390,541280.623084287
vehID40313,419260.48821938346
vehID10268,439007.2994783775
vehID20209,1025179.2209684107
vehID30393,524556.0396453348
vehID40328,757275.3193895061
vehID10262,434030.4601354687
vehID30394,507556.7186569796
vehID40322,746060.8895849835
vehID10261,439687.56162058975
vehID30396,517086.01370071893
vehID40327,738778.716163419
vehID10278,434733.9062461732
vehID30398,517816.51148000045
vehID40325,726420.9831776404
vehID10277,442547.5994319884
vehID30392,486051.85508974135
vehID40330,735657.1732807264
vehID40331,728760.2881693769
vehID30385,513690.771948151
vehID10266,420195.298721135
vehID40329,708677.4546148081
vehID30388,481083.6199403657
vehID10275,414658.5883895163
vehID30399,479157.8634795694
vehID40326,716407.5354917552
vehID10273,423747.68482348707
vehID30389,485740.29988202936
vehID40324,705113.4775720114
vehID30386,478831.7772224913
vehID10276,413325.07979134895
vehID30395,495286.1155313618
vehID40338,686002.9893749349
vehID10272,393743.8814516014
vehID40339,662004.8574162691
vehID10286,403323.42136602034
vehID40332,691138.733785157
vehID10284,408917.2660593886
vehID40337,662913.0931455324
vehID10281,399246.39307563414
vehID40335,692846.0438227714
vehID10279,389555.271680685
vehID40340,650541.660451231
vehID10285,376540.98945762374
vehID30391,438077.5577913696
vehID40334,651690.0061318817
vehID10282,388163.81475955795
vehID30412,424842.9420242004
vehID40336,640457.468779915
vehID10283,376141.88635147916
vehID40341,665636.0570054532
vehID30423,435111.58419023576
vehID10274,381342.39537348563
vehID40333,645859.3212560716
vehID30410,406401.82347230514
vehID10280,360774.06120449735
vehID40348,622620.4204551262
vehID30419,429807.4699120207
vehID40347,624459.7541732376
vehID10271,360801.6412976412
vehID30413,437819.595965381
vehID40342,966946.9120429567
vehID10291,348878.5865124167
vehID30414,430299.44926470926
vehID40344,610757.7406316331
vehID30420,426628.53443504474
vehID40350,602657.4087308749
vehID10294,649411.6251703423
vehID10295,642597.0338613556
vehID30405,420383.9720455146
vehID40345,613785.788724818
vehID40346,606348.5399014474
vehID30409,409321.5874256091
vehID10287,635431.045439364
vehID30406,397156.64777088247
vehID10288,626352.9343325684
vehID30421,397170.08683225856
vehID10296,632328.9184035702
vehID30424,373421.56419828144
vehID10289,619899.3382842242
vehID30401,363150.55881476926
vehID10297,603806.8013682475
vehID30416,371530.5928207334
vehID10293,603123.4583216367
vehID30408,381489.86079985154
vehID10290,603923.0971022017
vehID30418,375421.7085209875
vehID10301,595026.8825384796
vehID20213,471597.97571011225
vehID30404,374883.7082530689
vehID10299,600925.3606440253
vehID20212,790711.0614568955
vehID10300,581696.4758586566
vehID30407,372031.1532460246
vehID30415,346829.61111669184
vehID20211,786618.043481273
vehID10312,586857.3464598989
vehID30411,358652.17419921956
vehID20210,798591.2658184039
vehID30417,324694.1590829635
vehID10292,566630.4373602655
vehID10309,580656.4338324087
vehID20207,795567.3589495973
vehID30402,349358.8646892924
vehID20218,778866.2045262808
vehID30445,348447.74411763746
vehID20217,774555.2933120589
vehID30403,298903.5677680181
vehID20214,794210.3527907236
vehID30422,328823.4682676216
vehID20215,770460.4358711528
vehID30450,315187.64303764125
vehID40349,498086.6513468066
vehID20220,769736.6654196762
vehID30448,307180.7726335164
vehID30434,612113.404620567
vehID20216,758117.4790013133
vehID30441,277371.22605255956
vehID40343,805595.7005781227
vehID20219,755247.2201310344
vehID20224,750154.3329269277
vehID30437,607661.820490593
vehID30429,617823.8834249028
vehID40355,486335.6537521834
vehID20226,743069.1664599411
vehID40356,488221.5963316609
vehID30452,291535.82006979827
vehID20227,741348.9290725457
vehID40357,482842.5514620969
vehID30435,582768.058766759
vehID20221,734215.9488720639
vehID40359,802275.4030874851
vehID30433,585549.1632729842
vehID20223,734425.4464867569
vehID40353,451204.14920295787
vehID30439,261661.49476352535
vehID40358,446002.59628264833
vehID20225,719175.584099769
vehID30443,562111.5051442689
vehID40351,431295.1170822781
vehID20222,712348.8444824672
vehID20230,721924.9195698252
vehID30440,556380.4858288426
vehID40354,435912.0054047228
vehID20232,708008.2086708215
vehID30449,554535.7499663507
vehID40352,768953.8832943017
vehID20233,723486.102129684
vehID40366,770954.6821911521
vehID30447,563205.9801161618
vehID20236,709340.814869017
vehID30426,550511.1904254147
vehID40365,766828.2514740888
vehID20228,712295.1997244208
vehID30438,552944.387982613
vehID40361,767746.2326489699
vehID10298,438431.18561824784
vehID30444,536439.1680533291
vehID40364,748468.4157388026
vehID10302,444880.4713116941
vehID30430,526921.6868119508
vehID40363,739839.5353674812
vehID10317,447217.17288695363
vehID30442,511860.5085234677
vehID40362,737107.9664048589
vehID10307,437010.89616374415
vehID30425,518673.5917958381
vehID40360,720272.0536301805
vehID10311,431508.97829128517
vehID30432,503841.18406474177
vehID40367,726099.9225606712
vehID40368,710160.9461125353
vehID30431,510337.3384105528
vehID10316,403406.56423249765
vehID40376,722917.2638516033
vehID30436,495170.58347984403
vehID10306,421400.91275870823
vehID30446,479369.3934396473
vehID40373,704510.2353246404
vehID10314,410791.06897112186
vehID30451,478985.27201545675
vehID40372,691565.1970644046
vehID30428,494231.0031173798
vehID10313,433161.75775696506
vehID40371,698153.1674381127
vehID30427,464078.1509753533
vehID10318,420513.8399545519
vehID30462,465598.5017322285
vehID30461,479366.63809461833
vehID40370,695088.9768364053
vehID10304,418834.7076631846
vehID40374,693571.8450606635
vehID40369,688040.931353975
vehID10310,403068.7535202649
vehID10315,393679.2125169263
vehID40375,676213.1102417446
vehID40381,698010.9858023907
vehID10303,409105.30932260636
vehID40385,684332.923296679
vehID10305,380870.79821624514
vehID40383,677695.6125625827
vehID10308,390455.9500589965
vehID30478,448192.1093877429
vehID40380,639620.0608029804
vehID10319,374952.2783561278
vehID30475,448243.2207889572
vehID30470,439432.5092336878
vehID40382,650238.7235210697
vehID10333,383713.24505796074
vehID40379,646817.130914986
vehID30476,444927.92286852875
vehID10325,372827.60653189797
vehID30472,453760.33666027174
vehID40384,626302.3549557218
vehID40377,647956.4102405848
vehID10323,359212.7490488795
vehID30469,429189.3236249144
vehID40388,640341.2626348045
vehID40378,626476.3294237729
vehID10324,353505.67286280694
vehID30459,431093.37177083734
vehID40392,640883.840302513
vehID10322,678487.3896999559
vehID40391,632748.9752719015
vehID30466,412856.2999231501
vehID10320,668449.259521104
vehID30471,430403.7486062331
vehID10330,652198.5477977055
vehID30458,431540.19932677964
vehID30477,433191.80261535384
vehID10331,648984.9968292367
vehID30463,388917.9292507242
vehID10334,670390.3298096363
vehID30465,424056.847147275
vehID10329,649482.901263926
vehID10332,646395.0640682145
vehID30454,398397.0596526464
vehID10328,635375.8262233493
vehID30479,395495.8764186236
vehID10326,649673.2774031273
vehID30456,388425.006447331
vehID10321,626143.0046755319
vehID30480,416870.57476404007
vehID10327,618804.0125138313
vehID30464,373428.95415879466
vehID10349,618802.0526323925
vehID30453,372244.939050079
vehID20235,798305.885177387
vehID10338,611854.1544736737
vehID30473,368304.0248955551
vehID10336,595793.3639889502
vehID20234,455310.6160139142
vehID30467,362284.4196136798
vehID20237,469292.15606479265
vehID30455,370433.54762644804
vehID20229,806033.7192692746
vehID30468,346343.0521970097
vehID30457,362834.0373456589
vehID20231,788026.2426403367
vehID30474,674717.4420175693
vehID20244,789597.7144871131
vehID30501,336033.7610726801
vehID20240,778847.1778848112
vehID30460,322894.30845645414
vehID20239,767865.1991338362
vehID30496,324869.39448638825
vehID20241,775652.1540372756
vehID30489,307828.16261736455
vehID20242,770633.9180164451
vehID30481,631249.3393640354
vehID20238,767074.6177149878
vehID20243,759970.9615814887
vehID30498,289747.06383056135
vehID40386,436078.9939032144
vehID20251,768234.8910521464
vehID20245,753540.537948938
vehID30485,285226.7677621475
vehID40390,796917.3291434365
vehID20246,741252.3993395235
vehID30497,609531.8740315645
vehID40394,473306.2013743537
vehID20248,739636.0473113382
vehID30486,597575.8215720822
vehID40387,437382.0340892467
vehID20247,730183.9365313747
vehID30510,272717.0501676104
vehID40393,449613.0719820425
vehID40389,772656.2015915137
vehID10342,504312.56487919576
vehID40403,436080.53888047894
vehID20258,740075.6029698033
vehID30483,584242.9188563324
vehID20250,726258.0914555101
vehID40395,778726.6072833814
vehID30488,560058.2911373415
vehID20249,724404.4819464236
vehID40402,438531.45253689465
vehID30487,557702.5330143779
vehID20254,714572.2062635804
vehID30514,555068.8170801897
vehID40399,788648.9685350468
vehID20252,713023.908046622
vehID30482,561636.5665648883
vehID20257,700271.8393227631
vehID40397,747923.8388654654
vehID30499,558753.2067861628
vehID20259,713225.4217153034
vehID30513,537107.1862614177
vehID40400,764122.5479010387
vehID30506,549199.8393636968
vehID20255,700759.5535322019
vehID10346,468173.50410782127
vehID20256,688727.8393972184
vehID40401,751940.7263908435
vehID30493,530438.9043486832
vehID40398,716837.0224790891
vehID10340,450429.2181229726
vehID20253,1033328.2347826686
vehID30511,532591.7160553205
vehID40396,723320.1218101651
vehID10343,451604.5638700911
vehID30503,533615.8762109148
vehID30515,527098.6582359114
vehID40413,725991.4318679139
vehID30495,539066.4090075229
vehID10345,465240.390720741
vehID40411,721604.8079892725
vehID30502,519738.4568590648
vehID10335,442996.4326584167
vehID30505,507065.63425097964
vehID40409,736820.5253848544
vehID30504,522299.41874407144
vehID40410,736777.0516446895
vehID10341,443537.4377554299
vehID40408,720321.7341673176
vehID10337,426698.5520926623
vehID40404,722800.3928505812
vehID10350,454220.5973099826
vehID40412,717806.6966223767
vehID40406,697623.0331457567
vehID10344,437650.9950592121
vehID40405,703567.6041800019
vehID10339,408849.320337246
vehID40407,673868.0976651752
vehID10348,420274.05426378263
vehID40418,664596.6491681795
vehID10367,431054.37063427584
vehID10347,412592.1643282438
vehID40416,688776.6144628478
vehID40422,689902.3911639851
vehID10365,420890.1258366021
vehID10361,419993.69425734767
vehID40421,651720.6480511312
vehID10366,393454.485252247
vehID40420,663188.439740155
vehID40417,664938.6013125303
vehID10354,406702.81573799293
vehID30494,423647.4499464092
vehID40414,651772.9359962472
vehID40415,651074.3728532536
vehID10356,405579.64260655944
vehID30512,434594.3971042078
vehID40419,639983.7570511613
vehID10357,693840.5540983261
vehID30490,428427.54164141376
vehID40433,635083.3414616839
vehID10351,712789.8158110763
vehID40425,624992.002094207
vehID30492,422425.7860744729
vehID40424,612796.8002614646
vehID10363,683468.8801034569
vehID30508,417950.0941146972
vehID40426,604113.8031524817
vehID10353,679873.0514022646
vehID40430,621408.0409485253
vehID30500,420512.77671826544
vehID10364,680315.4157364266
vehID30484,404626.00222230173
vehID40423,609023.6513930499
vehID10358,692912.8625938566
vehID30507,421501.2503405966
vehID10359,669309.806087822
vehID30509,429965.50178217416
vehID10355,663596.5973918771
vehID30491,394553.70192944317
vehID10362,648188.7203625955
vehID30528,398417.81471739704
vehID30519,399725.95018221263
vehID10352,650557.1742299898
vehID30549,399933.56308300415
vehID10377,654701.1235611095
vehID30542,388987.06549381925
vehID10360,648318.0087626643
vehID30535,360771.3204271193
vehID10376,624073.208712752
vehID30529,384086.4394308901
vehID10368,632723.1901724986
vehID30545,382398.3166627277
vehID20261,453339.1352301625
vehID10381,648840.760040676
vehID10380,618902.335916093
vehID30553,357682.4657469935
vehID20260,794167.3116876568
vehID10379,613303.129540964
vehID20262,795192.3376082109
vehID30517,368493.90215139167
vehID10373,597617.895896716
vehID20265,794596.944529062
vehID30554,346360.6544836946
vehID20263,786369.3023707839
vehID30521,353344.0034995734
vehID20264,798864.8482196709
vehID30526,311521.5444237299
vehID20266,813644.8682306553
vehID30536,331611.2180656616
vehID20272,775803.0252428746
vehID30522,336794.92466174613
vehID20275,780053.3817104338
vehID30547,324995.08186356444
vehID20273,804348.6156192117
vehID30540,330289.5141395639
vehID20276,767381.3512852187
vehID30530,306942.9698735904
vehID40428,480492.0849153923
vehID20268,770912.5533592165
vehID20269,772111.5429840874
vehID30523,630592.4762730674
vehID20274,754550.1938408855
vehID30552,286789.9119972747
vehID20271,747061.645287101
vehID30520,311298.5453246
vehID40432,455152.19207320426
vehID30555,619098.9635713525
vehID20267,741571.9083311916
vehID40427,782819.6836156137
vehID30518,272798.9939127038
vehID20270,747548.2422016485
vehID40429,445459.0035207378
vehID30538,249307.6884579238
vehID20283,736987.7548101268
vehID40431,451728.3710919174
vehID20277,731759.4587292522
vehID30539,600400.3129052552
vehID40446,778385.3527230525
vehID20281,742996.2647862303
vehID30537,591060.0179613932
vehID20284,730439.8659134513
vehID40439,786451.3342638626
vehID30527,242647.12038451736
vehID20280,724150.8811011097
vehID40441,772872.9512431219
vehID30546,579593.3315009517
vehID20282,722341.1780365941
vehID40444,772951.7292842272
vehID20285,716779.7709196586
vehID30544,577068.090131
vehID40435,430537.82443289063
vehID20279,704098.5326366498
vehID30516,223834.39291139354
vehID40434,758112.6704253795
vehID20278,701768.6056312841
vehID30534,556896.9849068733
vehID40437,744485.8664889307
vehID40442,413628.20063674083
vehID30550,544984.714487947
vehID40440,738358.0175533924
vehID30532,535618.360903956
vehID10371,442004.03470226296
vehID40436,733183.753724192
vehID30533,539734.1499758359
vehID10384,447793.8448351691
vehID40445,397395.75077025883
vehID30548,524919.4011887704
vehID10370,437024.0397120884
vehID40443,719038.1727591825
vehID30525,509678.2050252278
vehID10382,441870.5401808027
vehID40448,702940.9410163742
vehID30524,501591.05697976984
vehID10369,444450.50141894585
vehID40463,712777.388127007
vehID10374,444685.54233032855
vehID30551,510833.51349732076
vehID30543,505708.09898608585
vehID10378,430010.58451477723
vehID40438,691199.7001274622
vehID30541,491417.63888558967
vehID10375,431270.2008626075
vehID40449,666791.2717163725
vehID30579,493900.42449291813
vehID30531,477298.0795525036
vehID10372,430641.7057428322
vehID30586,486850.78637861396
vehID40457,701321.6250554638
vehID40455,685425.8172659276
vehID10383,425385.2174490815
vehID30575,491852.09524883516
vehID30561,480805.61228535156
vehID40462,670484.5043763799
vehID10397,405270.59555514384
vehID30560,480749.9327143472
vehID40456,665009.8721619742
vehID10389,406961.7924707795
vehID40447,665280.122955603
vehID10386,397503.0854766902
vehID40453,659646.1107566756
vehID10396,402014.7985419833
vehID40461,647614.8175074471
vehID10393,409532.98918223294
vehID30566,453887.0384109519
vehID10390,395441.47080816334
vehID40459,644105.5286370586
vehID30593,458408.80616288976
vehID10395,687379.6050924713
vehID40460,644609.0331030476
vehID30557,461998.70615450747
vehID40451,630769.3225045971
vehID40452,638461.4860791491
vehID10387,676268.5295109239
vehID30574,435329.52037071105
vehID30562,433607.1662830558
vehID40458,639222.3978328184
vehID10391,679781.6420590748
vehID40475,622772.4972155787
vehID30559,442902.96511247096
vehID10392,684089.8821186677
vehID40467,628557.855278489
vehID30577,415454.4563154167
vehID40454,603810.5165294568
vehID10388,661934.9782171337
vehID30581,430213.7000473592
vehID40474,611040.3573239497
vehID10394,653660.6486655087
vehID40450,589666.947094945
vehID30568,403577.9898655421
vehID40479,595156.1290062001
vehID10385,666466.7176939279
vehID30580,405260.5555178829
vehID40466,589383.7301239753
vehID10410,648826.7317800211
vehID40468,589465.8795794743
vehID30569,399499.726749935
vehID10398,661457.3114281318
vehID30570,409654.0046115614
vehID10411,640226.3341968836
vehID30564,414392.15560589323
vehID10402,650546.0178678655
vehID30572,367032.97778897703
vehID10401,639086.9568795803
vehID30591,401156.60723735724
vehID10407,625367.6708656438
vehID10403,626939.0647676201
vehID30565,384698.6059937522
vehID30584,370825.3938341623
vehID10409,625314.4148046942
vehID20290,803009.5300027302
vehID10408,607318.5253506084
vehID20291,803878.175974398
vehID30567,384992.0273951856
vehID10405,614266.6342555615
vehID20288,818084.7107972386
vehID30576,363834.3228093708
vehID20287,799413.0364627161
vehID30578,369364.2758815953
vehID20286,811638.0600230437
vehID30571,349661.7189846336
vehID20292,791866.0355014122
vehID30583,358670.19746775436
vehID30589,358985.0321870538
vehID20289,804157.945202816
vehID30563,339324.4806682028
vehID20296,786305.7864842643
vehID30582,357429.69694475154
vehID30573,338693.3840335646
vehID20293,794293.0590212236
vehID30558,343305.2616626558
vehID20294,782218.2731658354
vehID30590,331280.5541785806
vehID20298,758998.5735941011
vehID30556,648218.2412923474
vehID20299,767861.4007511779
vehID30588,311505.1766279235
vehID20300,775620.4331874402
vehID30598,619261.6463314381
vehID40470,455333.93975431094
vehID20295,760020.4317060653
vehID30617,635197.3982237164
vehID40477,452774.8003138728
vehID20297,741297.5630458872
vehID30585,298623.86981015
vehID40465,468225.5965443033
vehID20304,756549.4459449024
vehID30587,608551.5736295528
vehID20306,742578.6344648803
vehID30592,280199.2253793208
vehID40472,804594.2686062771
vehID20305,756066.326676776
vehID30612,591616.6716103706
vehID40480,787021.0661044272
vehID40464,799611.1097484383
vehID20301,752837.063005737
vehID30594,269173.4946272969
vehID40476,466889.99794920103
vehID20307,726582.2842992004
vehID30608,581530.6718231922
vehID40478,455871.7447729456
vehID20302,733660.9848223305
vehID30602,573255.1726695389
vehID30605,582581.465400195
vehID40471,769646.0509744419
vehID20303,730078.8745586833
vehID30616,577452.4894421049
vehID40469,438203.3784573978
vehID20313,723980.2129773248
vehID30611,557697.712125944
vehID40473,767735.7454606894
vehID20312,714520.1371520072
vehID30624,554409.1949047638
vehID20315,710242.7060829358
vehID40489,748088.662258795
vehID30618,551871.5674156571
vehID10400,446609.66226178646
vehID30607,550039.7860056235
vehID40491,746741.8078240611
vehID10406,445499.3659604659
vehID30596,528650.182260426
vehID40486,726551.0464430052
vehID30609,548615.7187315921
vehID40490,736035.9253421221
vehID10399,442741.5477234167
vehID30600,538704.9381730382
vehID40494,732434.9281866563
vehID10419,441917.56019368704
vehID30614,524953.118161854
vehID40492,713152.7866881449
vehID40481,719736.2232846918
vehID30601,538065.1077602061
vehID10404,418613.58080157224
vehID40485,718203.9199790801
vehID10429,439508.8880837873
vehID40496,713641.9548081408
vehID10423,435667.5465649731
vehID40499,696936.8497913548
vehID10425,424347.9939562715
vehID40497,709189.2666520042
vehID10414,429757.6065091374
vehID40487,699031.5805958984
vehID10424,414386.09779874026
vehID40483,704308.3701348875
vehID10417,415523.6003168972
vehID10412,427049.39274666476
vehID40500,665695.3888968176
vehID10422,412157.59467401693
vehID40493,683377.3503546001
vehID10427,401874.5686464325
vehID30604,458037.5177875034
vehID40484,647791.5002773755
vehID30613,468869.02529273153
vehID10418,408049.9935751794
vehID40495,656645.3414042521
vehID10420,401455.61714722647
vehID40482,672106.5360335498
vehID10413,389279.13530354155
vehID40528,642436.6941482977
vehID10421,687186.0058216021
vehID40513,646866.4792402863
vehID30615,443374.4851013675
vehID10428,687455.6732272471
vehID40498,654140.1785647691
vehID30620,421535.3315763646
vehID10426,374295.6189861294
vehID40488,626062.0464891249
vehID30621,434515.54915341176
vehID40509,625865.261391871
vehID10415,669620.2215524652
vehID30603,434780.26283046405
vehID30610,430068.5907024686
vehID40504,637627.180995079
vehID10416,660429.0871000496
vehID40530,608499.6697513184
vehID30595,438296.23938991455
vehID40529,617480.4218597625
vehID10439,641318.0249595214
vehID30619,412297.1922441176
vehID40506,606662.8738571212
vehID10436,658043.4081474481
vehID30623,408928.9465383032
vehID40522,594409.6800105431
vehID10435,616817.1429663993
vehID40518,598419.5198801073
vehID30599,438394.9920761127
vehID40519,583377.6622178926
vehID10430,620681.7595219427
vehID40525,574423.5413038763
vehID30597,411281.07040168915
vehID10432,609920.503924969
vehID40512,572455.7757838275
vehID30622,405646.6687655774
vehID10433,600799.8152354953
vehID30606,382200.0537271734
vehID10438,589541.4653260454
vehID30652,413861.6658854099
vehID10441,564586.551533698
vehID30659,367910.4927680483
vehID10443,568106.488230342
vehID30661,380163.8650403528
vehID10440,560381.8447116148
vehID20308,481141.78816524026
vehID30626,364028.985254137
vehID10434,538780.1100256443
vehID10442,532764.1790850172
vehID20314,549849.5091900202
vehID30657,346680.5741467357
vehID30649,364518.74930104177
vehID20310,473428.53417428624
vehID30636,373427.7810935906
vehID20311,545742.5519938604
vehID30642,369458.50651091704
vehID30662,359196.1103978631
vehID20309,525301.9685295062
vehID30658,347890.4906733283
vehID20319,517620.65456814325
vehID30653,340345.1740997725
vehID20320,517171.899919547
vehID30645,330825.77534002834
vehID20317,509762.43707076524
vehID30631,330337.06795880006
vehID20321,495582.1001163994
vehID30660,305990.28172284714
vehID20322,495737.49037993356
vehID30643,310600.15781354776
vehID20316,482481.515348379
vehID30654,317229.2357905917
vehID20318,476082.65751435555
vehID30634,306451.59828446247
vehID40515,444534.89213202783
vehID30630,455193.26563335344
vehID20323,462478.9074164776
vehID30638,299003.8331954491
vehID40526,452980.2156124407
vehID20327,449176.6119768784
vehID30640,280905.37562180567
vehID40523,440752.0866597684
vehID20330,439528.41332865175
vehID30629,429813.15384847426
vehID40521,456510.44332594005
vehID20332,447267.73858851055
vehID30639,279732.24179360206
vehID40508,428420.8681030807
vehID20325,427198.2228808343
vehID20328,430348.4961464344
vehID30644,420691.70458768157
vehID40510,435875.0088333071
vehID30648,264968.83412833617
vehID20331,417813.0732905181
vehID40520,418503.14196479385
vehID30656,405766.8022387548
vehID20324,408546.84162612463
vehID40517,409239.7943680526
vehID30641,261965.92169440727
vehID40503,416039.5702524835
vehID20326,384183.49668531463
vehID30650,391876.7105200074
vehID40514,410004.5731982624
vehID20333,390697.65490873787
vehID30635,403172.03580184694
vehID40505,410600.7027428182
vehID20329,372485.242083413
vehID40501,394746.8611299283
vehID40527,389303.11665153253
vehID30655,375635.4080817523
vehID20334,377000.91897477675
vehID40524,392025.4764862783
vehID30632,366311.0726427725
vehID40502,381115.30401415576
vehID20335,358215.7684399898
vehID10431,365900.1713801135
vehID20341,358075.2852226713
vehID30637,353112.2225313898
vehID40511,374693.1322174145
vehID20339,356798.63379746745
vehID10437,347344.6890622309
vehID30647,347057.4840334429
vehID40516,355794.649836936
vehID10453,365796.45045484713
vehID30646,361884.38785108714
vehID40507,353334.9283376634
vehID40563,347399.7692999988
vehID10444,356548.64960991853
vehID30625,335513.3732160779
vehID30633,350233.5481680367
vehID40543,340184.75726112816
vehID10459,340116.1516272941
vehID10457,346645.43903414597
vehID30627,318754.89693930885
vehID40567,326056.4836089568
vehID10461,341927.39784647734
vehID30628,308524.4560410525
vehID40534,325921.6844834497
vehID30686,322368.8769385769
vehID10452,325655.9376608939
vehID40535,317836.8793624108
vehID30651,303530.02757632907
vehID10445,312942.7539545407
vehID40558,305396.40858410794
vehID30677,289616.54658717744
vehID10456,320519.716416962
vehID40556,300448.8160503897
vehID30665,285732.2702144796
vehID10451,304072.54987758835
vehID30671,293917.2191123486
vehID30694,277410.57189412566
vehID40532,291508.8600275531
vehID10448,285941.61219905835
vehID40546,289938.8993814052
vehID10454,283497.5102929417
vehID40553,277771.04231889435
vehID10455,276149.5390913765
vehID30692,262895.387228587
vehID40566,262199.87698283966
vehID10450,281493.49549724907
vehID30668,249060.5583331059
vehID40545,260596.19483878705
vehID40550,248687.73623354663
vehID10460,269252.3750133223
vehID40569,248311.23599759687
vehID40541,242271.4732428114
vehID10447,258418.46669864192
vehID30673,248145.61775469105
vehID40568,230369.64234190012
vehID10458,245491.02511117802
vehID30675,249034.82455064086
vehID40549,225227.4285933745
vehID10477,244715.60541033556
vehID40540,231467.18162618473
vehID30684,229153.39991776523
vehID10446,231605.55312769444
vehID40552,224843.37837687766
vehID30689,232446.41855375693
vehID40559,203800.25094525953
vehID10449,227043.79091305714
vehID30676,226120.08230831288
vehID10464,216099.06286164816
vehID30679,234012.58290460688
vehID40554,206875.78663988545
vehID10472,207047.06097372368
vehID10469,206026.65225211205
vehID30664,217593.05378377144
vehID10470,191770.03783575894
vehID30682,203327.93572237695
vehID10463,186891.38847126084
vehID30681,193499.511235208
vehID10462,181247.67105472315
vehID30685,179383.22045922425
vehID10475,173354.69758826157
vehID30687,177347.37701521273
vehID10467,157884.51584528567
vehID30667,180956.68237709563
vehID10473,149326.31702430095
vehID30690,162247.25260625975
vehID10474,146640.17273141482
vehID30683,146661.7507541137
vehID30678,144153.89921772075
vehID10471,135944.4195687101
vehID10465,131557.9731824484
vehID20338,124905.80751349822
vehID30691,151993.95695942885
vehID10468,116183.77237873901
vehID30670,131825.50885070147
vehID20340,115634.36254194187
vehID10476,111813.00227395043
vehID30674,127121.90499174269
vehID20342,115919.078346728
vehID20336,113571.2136757828
vehID30693,119231.9221990699
vehID20337,106541.16019225119
vehID30669,112559.83469514287
vehID20349,104028.3070397006
vehID30680,100242.25027421718
vehID20352,98734.58019741118
vehID30666,92060.73022539674
vehID20346,90147.66436719729
vehID40561,94952.64151882929
vehID30695,90921.7154365278
vehID20350,74586.77863303808
vehID30663,74743.31502722607
vehID20348,71787.76698093789
vehID30688,66614.44883690371
vehID20353,66491.75791572187
vehID20347,58924.90511479797
vehID30672,67049.82649492641
vehID30705,60773.302533333444
vehID40531,50462.285006772785
vehID20351,50879.96979381275
vehID30721,50397.19181047736
vehID40542,56824.369691178494
vehID20344,42324.54245536509
vehID30712,44778.984339845854
vehID40564,48656.550924851734
vehID20343,32774.75762519555
vehID30723,40348.7183155055
vehID40544,45501.55383418201
vehID40539,41840.36604622769
vehID20345,29307.507628197218
vehID20361,25887.599399037106
vehID30703,27799.940756119136
vehID40536,21788.95373222666
vehID40570,17070.910562977617
vehID20360,9823.065734939784
vehID30710,10632.169147982502
vehID40555,2624.722222222222
