vehID30016,33843.63782475128
vehID40021,107146.349981588
vehID10004,144363.86060003334
vehID30007,34092.10255504588
vehID40026,98864.6795377291
vehID10003,151571.14396008058
vehID20001,70275.29628486754
vehID30021,38759.56884904369
vehID40028,100111.7935804812
vehID10007,143620.88115341446
vehID30011,35187.18367643223
vehID40032,99263.07380195132
vehID10002,151081.82845525767
vehID30026,38711.42788559105
vehID40007,95478.35985984952
vehID20002,59439.36247847398
vehID10006,140105.00250772006
vehID40018,99981.65397133537
vehID30004,38053.4511446659
vehID20003,58375.02495155402
vehID10009,138826.57466086536
vehID40011,98250.33732676729
vehID30024,33173.57441184426
vehID40024,97135.30824718815
vehID10008,140079.16046370196
vehID20004,60163.89199370381
vehID30008,32928.477718608665
vehID40030,89464.63571791006
vehID10010,144559.5347899068
vehID30020,35522.10107022061
vehID40015,87938.01110213026
vehID10005,136527.1237784957
vehID30009,31685.219669707425
vehID40023,90455.35597385262
vehID10014,135218.6642060685
vehID30027,37931.24720403813
vehID40027,94124.02775359197
vehID10017,132915.75298162454
vehID30015,156356.57707681914
vehID40008,88789.22812206195
vehID10018,134283.98913292403
vehID20006,42654.87394294455
vehID30025,38529.897056819565
vehID40014,86956.91292562813
vehID10012,131310.21271139616
vehID30005,154467.80132230787
vehID40019,82400.02048430519
vehID10015,125388.98474686065
vehID20005,44132.91663923656
vehID30006,153707.23318287535
vehID40013,74404.86857455324
vehID10019,125483.77038263195
vehID30002,145258.61046410838
vehID40005,84290.46211413086
vehID10011,124029.9039970665
vehID30014,141858.00727523287
vehID40033,79318.83054914864
vehID10013,125229.17594635117
vehID30010,150964.92399260358
vehID40004,74474.98170395065
vehID10016,123100.9826755631
vehID30003,146706.2649956346
vehID20008,35664.14296397592
vehID40009,69097.15270110474
vehID10020,123572.21352463242
vehID30017,141600.28524230252
vehID30023,141743.37450509367
vehID40016,72259.85112322764
vehID10026,118910.96781742071
vehID20007,34871.43288516693
vehID30001,146799.16156838383
vehID40017,63821.787855144416
vehID10027,118718.34272251413
vehID30013,139757.49879765112
vehID40025,65564.34432713303
vehID10022,113940.13673721174
vehID30019,138599.8877179993
vehID20009,39306.77457687844
vehID40031,61860.80699709476
vehID10021,118966.0787791877
vehID30022,127862.22250303897
vehID40003,60697.156785976455
vehID10025,110240.0810957206
vehID40012,58466.78349364432
vehID20010,34707.273157827265
vehID30018,128696.26313364819
vehID40022,61759.373363127284
vehID10024,109675.43561141386
vehID30012,133547.4446548674
vehID40006,64346.7642004469
vehID10023,106969.54226687219
vehID20012,167004.15539583622
vehID30030,127715.66261778858
vehID40001,59941.87994802752
vehID10034,106348.10943499976
vehID30043,124654.65906145051
vehID40020,55082.040208230675
vehID20011,158259.2896736107
vehID10031,105801.2484885852
vehID30038,127864.35914415067
vehID40029,54444.58029328289
vehID10035,105667.73469289519
vehID30050,127098.86053995651
vehID40010,55699.51099657174
vehID10033,104620.15682191323
vehID30034,124157.05999224859
vehID40002,49865.05940266402
vehID10028,108511.84742220923
vehID20014,156568.73862250985
vehID30036,116224.91580106443
vehID40040,50232.52852454956
vehID10032,106183.62859414902
vehID20013,149280.78481945425
vehID30049,120822.56377154896
vehID40048,46704.97186240672
vehID10030,226667.84985991332
vehID30046,122705.76728550703
vehID40046,44812.55222704827
vehID10029,226425.75761537533
vehID40062,36472.95437641016
vehID30045,112098.0210476781
vehID10038,223787.72697206176
vehID40056,39283.32764550224
vehID30037,114503.44611952003
vehID10039,221396.46361043348
vehID20015,142507.72373475545
vehID40050,38155.25436917218
vehID30029,112119.34479110304
vehID10037,220277.5485180684
vehID20016,149293.30425751093
vehID40039,35564.8677220687
vehID30044,115856.82459861621
vehID10040,222053.56620640543
vehID20017,137633.28084712705
vehID30047,100720.11694740188
vehID40036,37120.561158370336
vehID10041,217486.5921565808
vehID20018,139935.8521526969
vehID30051,105170.36798358487
vehID40047,41180.55563179054
vehID10036,218802.4418014432
vehID10043,213738.85586726593
vehID30031,105856.79707777667
vehID40044,35392.764592581676
vehID10042,215911.65401820967
vehID30042,104701.26679268389
vehID40038,33014.53553585671
vehID10047,213839.7431367687
vehID20019,128534.86010765162
vehID10048,210860.46852129704
vehID30039,105697.41021914162
vehID40057,34003.87555126911
vehID20020,129846.64965960901
vehID10044,203588.46394841676
vehID30033,106173.02446246769
vehID40055,157490.72129598242
vehID10046,207556.3829010055
vehID30040,91694.75067461445
vehID40064,150745.9407342537
vehID10045,203046.04847456256
vehID30035,93089.29199775084
vehID40065,155466.96655860863
vehID10049,197030.73028210725
vehID30032,93521.0608469897
vehID40035,150659.9851440966
vehID10051,201424.18611288848
vehID30041,96505.21010475111
vehID40059,147648.80666250267
vehID10054,199138.09440509492
vehID10056,204437.14623931708
vehID30066,88321.66426599947
vehID40061,146175.14703208598
vehID20021,122955.4552772321
vehID40041,153315.3544587407
vehID30070,90735.08580526596
vehID40049,147963.00678746
vehID20022,113977.42872449997
vehID30028,89373.26614499807
vehID40063,141001.30578114226
vehID30069,69738.353768504
vehID20023,116172.47839922625
vehID40058,134505.23402630645
vehID30048,80204.15418524326
vehID20024,112239.35731129587
vehID40045,136774.12317481375
vehID30064,67239.26056722204
vehID40053,141788.92042265623
vehID30065,71096.28287478664
vehID40052,139790.89156241613
vehID30071,70218.5306155423
vehID40037,134053.8351138189
vehID30072,69833.5642078776
vehID30068,73653.76111409366
vehID40054,134909.6532520872
vehID30053,71779.17232234972
vehID40043,130084.02435086771
vehID30055,66605.47644111556
vehID40042,132670.1471823828
vehID30063,71140.18077654748
vehID40051,131849.77317550385
vehID30052,67041.7100078435
vehID30058,61505.44344653805
vehID40034,125769.0715195839
vehID10050,174610.4244400479
vehID20026,90983.09451131942
vehID10055,175700.7058764606
vehID30062,66758.60440156568
vehID40060,120694.42518467474
vehID20025,98449.64178791345
vehID10052,174420.16139861284
vehID30054,61268.55564535322
vehID20027,84879.2576207421
vehID40089,120384.25871208384
vehID10057,170785.85414453023
vehID30060,67174.2344993968
vehID40082,120267.82255831471
vehID10053,171677.10525743788
vehID30059,57512.67573226771
vehID40078,116344.81951344312
vehID30057,49728.84123444639
vehID10063,175267.83244283413
vehID40069,121143.92452902957
vehID20028,86390.59196755197
vehID30067,56704.479769246806
vehID10059,171614.00262604957
vehID30061,57642.60464380677
vehID40071,117822.7066285241
vehID20029,81903.57774458094
vehID10061,170829.13991208037
vehID30056,54431.517163698365
vehID40088,113578.02127127376
vehID20031,81709.81239883915
vehID40085,114802.02525189279
vehID10058,166082.2112797397
vehID30078,52372.69055298222
vehID30075,50799.42866274023
vehID30074,59457.81509817876
vehID40077,118176.8122776441
vehID10064,171679.7207463017
vehID30084,43971.192572782915
vehID40076,111888.4686845951
vehID10060,162520.45299225303
vehID30076,169601.49137253876
vehID40073,113099.15597774541
vehID20030,73732.91048905047
vehID10062,156677.11006009267
vehID30079,40303.25372638613
vehID40067,102246.38063787294
vehID10068,155718.05390971515
vehID20033,73307.13621576401
vehID30090,35326.27832946948
vehID40072,107108.85447126764
vehID10066,158815.799317676
vehID30092,40757.13171366544
vehID40084,102051.91326048698
vehID10069,285428.6460920244
vehID30093,154419.9927915019
vehID40074,98930.77465568912
vehID10070,283984.4370970694
vehID20032,67651.00060209735
vehID10065,285658.473716437
vehID30082,158468.33883325406
vehID40081,100625.01527690995
vehID30085,156315.77561584848
vehID10067,281485.62306530314
vehID20035,58981.301822685484
vehID10072,286548.33519647067
vehID30073,156869.6999570967
vehID40092,95111.4359228318
vehID20034,64972.186181743484
vehID30083,157775.67379197816
vehID40087,92266.47361556969
vehID10074,275666.6199933638
vehID30091,153056.97366642492
vehID40091,101701.33484494945
vehID10075,278986.6355113323
vehID30081,161396.8223873923
vehID40093,85183.28598541956
vehID10071,272658.9085646636
vehID30087,156040.8564042611
vehID30086,145738.52474865632
vehID40079,89831.70499539119
vehID10073,277540.4113552747
vehID30089,151118.97270808302
vehID10076,274206.5375089876
vehID40090,84549.32373375341
vehID10078,270882.16040501767
vehID30080,139904.18978172235
vehID40075,91219.19598727892
vehID20037,52932.99811046434
vehID10080,273534.00806723593
vehID30077,146529.2212141936
vehID40086,83209.64109330981
vehID30088,138915.75132518666
vehID10077,271825.89228948334
vehID20036,53262.358475857094
vehID40068,75082.8698637702
vehID10079,269559.5205490776
vehID30103,147304.48619364054
vehID40083,79269.65910887583
vehID10082,269890.98485985893
vehID30102,139706.91346592442
vehID10081,265221.8123565679
vehID20038,43008.86900190979
vehID40066,70883.80634180109
vehID30109,128349.12278170937
vehID10086,264735.9460850794
vehID10088,263773.05300886976
vehID40080,78648.32055231165
vehID30097,140398.24045598443
vehID40070,75404.29925034448
vehID30101,135218.43745607574
vehID40106,66155.67202874739
vehID30105,137520.6947873203
vehID40119,69144.09929728205
vehID30098,137019.97731733546
vehID30108,139895.48552120256
vehID20039,164554.457353163
vehID40102,70487.34649705836
vehID30104,128956.10744275349
vehID40107,66111.99120422776
vehID30096,123903.64044639497
vehID40121,69186.0076949342
vehID30107,127430.24219938235
vehID40112,61426.484218988786
vehID30111,121480.13547699919
vehID40117,55371.45582484649
vehID30095,124274.4565005479
vehID40122,63563.84307859427
vehID20040,153613.83797336867
vehID30100,126657.32444147467
vehID30110,117593.65618269227
vehID40110,57171.46654936662
vehID20041,150542.58994009238
vehID30099,112086.78880188169
vehID40116,175016.5098016939
vehID30106,112621.85978551625
vehID40109,53448.8911196293
vehID30094,110323.56735470679
vehID40111,46735.72480429093
vehID20042,140673.43864629406
vehID30122,120348.69266923357
vehID40105,48201.599350214
vehID30129,115457.6828514238
vehID40108,46193.359122876755
vehID30124,106589.51085428604
vehID20043,136434.49710988437
vehID40118,44474.068989383915
vehID30118,103883.44984325122
vehID40114,38811.14675333756
vehID30123,113604.14992640968
vehID40095,32475.643435340873
vehID30114,100244.10183436784
vehID40120,47516.734974416
vehID20044,134959.05322835207
vehID40113,37693.78689457194
vehID30121,110149.24142525952
vehID40096,33731.917624749105
vehID30117,101132.73228143653
vehID40097,155206.71224492884
vehID30120,110221.86937169608
vehID40104,155131.8371937846
vehID30126,89478.20052511158
vehID20046,127576.1059387178
vehID40101,157794.8459870571
vehID30113,92702.56355663558
vehID40094,158691.9391909803
vehID30127,97761.65864001919
vehID20045,120939.37951800718
vehID30128,87453.42707448576
vehID40099,149183.71208267834
vehID30112,87763.8510560405
vehID40115,146253.7547820852
vehID30116,90902.69874626525
vehID20049,115285.13610661626
vehID40123,142823.2454847637
vehID30125,87131.64663734013
vehID20048,112578.62265645081
vehID40098,136013.58651356804
vehID30115,95957.30735227546
vehID20047,112603.61559570632
vehID30119,90428.32770883643
vehID40103,139283.02682177257
vehID30142,84194.76745140177
vehID40136,135678.16126946412
vehID40100,140017.75003869386
vehID30140,86189.65024201386
vehID40134,136036.09080805967
vehID30137,84572.71359516859
vehID40141,131926.5356854861
vehID30138,79061.18730222639
vehID30141,78497.52988995974
vehID20050,99635.31784118696
vehID40150,134093.9881945736
vehID30144,68208.30383907545
vehID20051,98561.70559973479
vehID40144,140166.4432410939
vehID30145,76538.4574291051
vehID40147,127387.66032199762
vehID20052,102119.51871344866
vehID30134,70959.03812858985
vehID40138,127440.12672138211
vehID20053,99700.37141296461
vehID30139,74556.32442438437
vehID30143,187134.23282530846
vehID40132,124956.37423065418
vehID30136,188976.02584605233
vehID10084,170704.64453157524
vehID30135,70907.60341835441
vehID40133,122453.98045165154
vehID10085,171057.51028184537
vehID30146,57458.69995216085
vehID40149,117065.33236302373
vehID10083,174807.63461774777
vehID30131,181832.02993235306
vehID40127,121608.15254376236
vehID30132,61660.904237644805
vehID10087,171094.36916614164
vehID40146,116003.45817307291
vehID30133,180435.2542303141
vehID20055,81023.15748508238
vehID10090,172609.593669588
vehID40137,120614.28854527419
vehID30153,59795.94796308378
vehID10094,170662.16699088225
vehID40140,115617.01782709165
vehID20054,86095.09842401439
vehID30130,175206.99822237226
vehID10092,173782.3736046414
vehID40124,109748.913467683
vehID30148,56891.26645931699
vehID20057,72919.8649635437
vehID10091,166349.35542960797
vehID40139,107916.01194553642
vehID30162,171318.26401710566
vehID30159,52974.60782427714
vehID10093,161210.48216362135
vehID40129,110505.28198678371
vehID30156,52181.70969491273
vehID10089,163964.46585600212
vehID40125,103085.37113814498
vehID30155,172283.07279210407
vehID30164,178468.38356080273
vehID10100,156229.36144866276
vehID20056,69518.97278420179
vehID30157,46165.90525318347
vehID40135,112017.48330637376
vehID10099,155481.88817521607
vehID30151,172442.06499175777
vehID40130,107283.18508254422
vehID20058,63035.1651624152
vehID10096,155973.4332276741
vehID40128,101495.32965316824
vehID30163,166025.81434685676
vehID10097,150711.88753888928
vehID20059,68152.28863011213
vehID40145,95685.7069528016
vehID30149,163574.5764602638
vehID10095,286199.9512756517
vehID20061,63185.379779047005
vehID30150,157520.16427808118
vehID40148,102017.90356858754
vehID10098,284393.04242152016
vehID20060,64564.799976327566
vehID30161,158261.95654252527
vehID40131,100818.03713778709
vehID40143,98204.91157180855
vehID10102,277445.3622417086
vehID30147,159076.5191020141
vehID40126,99190.82947371202
vehID10101,277257.48988914327
vehID30152,153168.91662293297
vehID40142,82778.67577943913
vehID10103,278731.8081212822
vehID20063,57434.34635177266
vehID30154,158035.7018228944
vehID30158,146878.77413886893
vehID40172,89851.74445884465
vehID10104,277542.3593540468
vehID20064,57989.876918781476
vehID30160,145787.40849225997
vehID40157,92003.18526857192
vehID10106,271333.7186910796
vehID20062,43270.03568071406
vehID30169,161324.70305757734
vehID10105,269023.21736506786
vehID30173,143684.39812304417
vehID40160,89826.3037281049
vehID10107,264804.6918371396
vehID30165,147745.7111980236
vehID40158,86229.379368412
vehID20065,42769.773156745105
vehID10108,261627.51304929872
vehID30170,145702.68709718977
vehID40159,81691.02256441004
vehID20067,46106.20111010939
vehID10109,261153.09058164438
vehID30171,145400.2811519409
vehID40173,74330.54664471855
vehID20068,48762.59786825173
vehID10110,258151.40024374708
vehID30174,144909.2475564502
vehID40165,72741.80026715377
vehID10111,258444.39539970752
vehID30176,151245.07147015538
vehID40170,74650.42919076394
vehID20066,39705.19477912375
vehID30167,142576.68895538917
vehID40166,73387.88356100806
vehID10112,256434.86500910672
vehID30172,132011.3780713196
vehID40171,75423.2409678245
vehID10113,256799.78033565602
vehID20070,166358.38522279513
vehID30175,136357.8083290333
vehID40152,65907.28501754804
vehID10114,252740.76089648023
vehID30168,136822.66501865367
vehID40153,74320.1931638077
vehID10116,250674.31025282666
vehID40156,73241.11330103035
vehID20071,163326.4561518894
vehID10115,247557.56139647364
vehID30177,135471.3083162925
vehID40151,65483.09630745195
vehID10117,248921.9556061149
vehID20069,162589.3176158209
vehID30166,132643.99570669883
vehID40169,59084.67433624815
vehID20072,157541.81670909928
vehID30178,143625.20353233677
vehID40175,66591.8034937384
vehID30189,132978.5188837723
vehID20078,162616.67646843195
vehID30191,131804.57866364362
vehID40163,57471.61532065169
vehID40154,64273.24034169565
vehID20076,156804.76966093518
vehID30185,125851.78149563592
vehID40155,59499.38207565227
vehID30179,134814.31880980945
vehID20075,149450.21807194868
vehID30187,124322.88203287934
vehID40167,58363.441906746164
vehID40168,54275.297122866075
vehID20077,154166.84251667705
vehID30188,124882.22882043896
vehID40164,56027.50386360993
vehID40174,49305.32702125966
vehID20074,152307.52130909904
vehID30182,122263.95365342988
vehID40161,42821.99222866246
vehID20073,151240.13547754518
vehID30190,114959.21247864132
vehID40162,40805.15004891024
vehID20082,145260.99904015983
vehID30181,118667.70779048027
vehID40177,50183.551175117595
vehID20079,148019.52821369664
vehID30180,117679.89727219535
vehID40195,41155.83608876442
vehID20080,142532.7827818302
vehID30186,116156.56147467671
vehID30192,111951.64153174253
vehID40194,162293.60159072615
vehID20081,145465.73923025245
vehID30184,113017.86085857556
vehID40188,159738.81122220177
vehID20083,147740.2650768066
vehID30183,100171.79350455625
vehID40180,41737.509949205356
vehID30206,109231.52430162972
vehID40182,155587.538319564
vehID20084,136926.11301453417
vehID30199,105060.39082727145
vehID40184,165992.27300535684
vehID20085,133486.99253123446
vehID30205,108810.97949024734
vehID40187,157515.89799522923
vehID30207,101897.92576013372
vehID40191,153228.3051046197
vehID20086,129541.42016386669
vehID30195,99486.86207517887
vehID40190,148479.6047181801
vehID20088,129015.46319312642
vehID30202,97501.71623193764
vehID40183,155406.23981761967
vehID30193,96686.79964529732
vehID20089,129651.11308524397
vehID40186,153187.47008407442
vehID30201,98288.01873564822
vehID20087,131570.23068467557
vehID40176,146531.85673052305
vehID30198,86785.49192780223
vehID20093,127511.61258814002
vehID40192,150275.2946721792
vehID30204,88435.92689327583
vehID20090,125425.47753549431
vehID40181,146943.47574330913
vehID30196,89454.67556553091
vehID20091,128085.67569509774
vehID40178,139184.61991835054
vehID30203,86391.64965418598
vehID40189,138716.0534082589
vehID30194,89199.2410247796
vehID20092,114390.34926565798
vehID40185,140719.09528956123
vehID30200,86956.37863579164
vehID20094,123959.96889695773
vehID30197,86023.77732930217
vehID40193,132204.71222704326
vehID30214,80810.03283138432
vehID40179,138051.9470118366
vehID30210,80218.22398636278
vehID40196,132083.2110929217
vehID30216,81645.42420084268
vehID40197,125591.36078622888
vehID20095,107780.27710569586
vehID30212,72392.38632786706
vehID40208,126447.65328354242
vehID20097,106615.55855962602
vehID30213,193705.66886924906
vehID30217,72972.76040496721
vehID40205,127744.92083106334
vehID20096,107912.64316189692
vehID10118,171981.94318431357
vehID30209,192281.74106698125
vehID40199,132670.4712846864
vehID20101,111145.97341403582
vehID30215,72622.4340115124
vehID10120,173012.16527478787
vehID30211,184098.94080446655
vehID20100,237149.03226277052
vehID40202,120934.68345743732
vehID10119,168765.61720610262
vehID30218,71440.61521727152
vehID20099,101195.20716611453
vehID40206,122232.01510623058
vehID30208,185432.4571664547
vehID10121,169794.62082573803
vehID20098,235076.66607353985
vehID30220,68928.90685380607
vehID40198,114448.20353899049
vehID10122,170439.18261825867
vehID30227,181358.2198153973
vehID40212,115789.67683746837
vehID10123,169905.86072633648
vehID40215,117730.5003710046
vehID10124,166017.92526492753
vehID40214,113212.14391713859
vehID20105,226481.4699965805
vehID10125,163777.1425765158
vehID40201,113068.87721689037
vehID20103,223375.9043873101
vehID10126,166310.514473842
vehID40210,113294.23004825541
vehID10127,165181.47893736014
vehID20104,219671.2876221889
vehID40204,109710.10409206676
vehID10128,167051.74147038854
vehID20102,221396.302610308
vehID40213,111362.74371232763
vehID10129,294987.5977640971
vehID20108,217137.87204108617
vehID30226,171188.9956214623
vehID40207,114214.69156856964
vehID10130,159232.50760311465
vehID20109,212400.22740721947
vehID40211,103317.28387075376
vehID10133,291811.82627744577
vehID20106,208690.37181951245
vehID40222,104218.60224992118
vehID10132,287245.99644123955
vehID20107,210458.9348539716
vehID30222,164231.8336586337
vehID30219,40066.80509336381
vehID40203,93169.63242025851
vehID10134,283662.4756922668
vehID20111,206880.73939387655
vehID30221,161520.87623262356
vehID40209,103550.7777366832
vehID10131,281245.3605537747
vehID30223,165280.06466464975
vehID30224,156794.04618312878
vehID40216,99372.89880724708
vehID10135,276779.8538001322
vehID30225,160059.86951607288
vehID40200,103958.4076885699
vehID10137,279513.3223203098
vehID30228,151105.91080908236
vehID20112,201942.1275163338
vehID40228,101223.8167215796
vehID10136,274539.1404510152
vehID30235,148507.64001088834
vehID20110,200121.89293052978
vehID40224,97372.91435144526
vehID10138,276832.26218650694
vehID40220,88679.80575412829
vehID10142,278111.3820232927
vehID30236,154189.11535415496
vehID20113,200354.911410078
vehID40227,89710.7292431388
vehID10143,268760.02932739625
vehID30231,142450.4830610747
vehID20115,193184.2122498486
vehID40217,88665.66086423684
vehID10140,268672.5820646807
vehID30229,148115.5996479737
vehID30233,147813.1956650805
vehID20116,194852.45017910062
vehID40219,88944.37438793345
vehID10139,266000.5201806435
vehID20114,197931.93011214025
vehID30232,151996.01570954802
vehID40230,88338.49360617499
vehID10144,264243.0287339298
vehID30234,153183.16282596695
vehID40225,88351.80092472311
vehID20117,189852.5001280279
vehID30230,144933.50110816286
vehID10141,264664.99355256936
vehID40223,84994.97009476487
vehID10147,265572.53317814606
vehID30240,140901.19985901605
vehID40226,79663.8988742532
vehID10146,264138.44225121645
vehID30239,137972.94630417894
vehID40218,79019.54935669099
vehID20120,185847.97541531135
vehID10149,261980.13658605094
vehID30241,139887.7071498006
vehID40221,79783.8249566494
vehID10145,256630.6542476676
vehID20118,186169.89961886578
vehID30237,131991.51730816223
vehID40231,70898.27765866218
vehID10150,258579.5839201532
vehID30242,133498.74721767986
vehID40245,72138.16415359979
vehID30238,132058.72711054172
vehID40229,73366.5395511406
vehID30244,130070.10196662779
vehID40239,67436.76983208327
vehID20119,174448.07038202166
vehID30246,132395.11450475454
vehID40240,64478.95422227241
vehID30243,122356.84809060695
vehID40244,66862.09220538211
vehID20122,171792.33578681643
vehID30245,126722.67661919318
vehID40246,58748.38540566118
vehID20121,171933.075352756
vehID30247,130301.37459918583
vehID40236,62190.76895282946
vehID20124,173496.0082177831
vehID30248,117762.19917831858
vehID40248,58216.33995916787
vehID20123,171318.2889946767
vehID30249,129915.61028080924
vehID40241,58810.696651156075
vehID40243,61276.30826248025
vehID30254,125892.50657345596
vehID20125,168906.40313393774
vehID30250,119613.4805273443
vehID40238,51238.64485384337
vehID30253,125486.07888454931
vehID20126,164717.90435085376
vehID40237,50427.12179041666
vehID30252,112845.12810403711
vehID20127,165722.94979518687
vehID40233,169286.0483726591
vehID20130,163315.46481550642
vehID30256,112838.78661828143
vehID40232,51734.31792831756
vehID40242,46657.728094654
vehID30251,114484.25844790955
vehID40247,50497.080713481344
vehID30255,116415.75007757758
vehID40234,42787.854610041664
vehID20129,289910.3678204566
vehID30259,116695.10600034159
vehID40249,160523.4959261467
vehID20128,290388.0326269132
vehID30258,104222.14472665507
vehID40235,159129.55564112967
vehID40258,159458.51262563557
vehID20133,163908.78193481656
vehID30260,108553.45769792833
vehID40250,167306.98642020032
vehID30262,102416.70010438267
vehID20131,287272.8963472479
vehID40265,34732.418581724356
vehID30257,99862.70149728822
vehID30261,101316.47727373299
vehID40261,153251.464324245
vehID20132,277768.88847456884
vehID30263,102915.57506611783
vehID40253,156161.18865339007
vehID20137,281517.3695955152
vehID30264,97489.5951375095
vehID40264,151966.7216173825
vehID20135,274725.14209090703
vehID30267,90334.45043331456
vehID40257,157722.44468356628
vehID20134,277736.88914813276
vehID30265,96233.79785061676
vehID40251,148499.44022647478
vehID30266,93265.31667927039
vehID40252,147783.19261611134
vehID30269,91439.64844809976
vehID40262,154095.51764577455
vehID20138,267229.57579815155
vehID30268,90607.02064542407
vehID30271,94003.3603801357
vehID40260,140788.7518200327
vehID30270,93534.23027065217
vehID20136,274459.76029763184
vehID40255,138908.2680758303
vehID30272,93512.60261854168
vehID20141,262376.47491600574
vehID40256,137260.49237502555
vehID30276,78797.49069046254
vehID20139,266824.47288861265
vehID40259,131507.66237989374
vehID30275,76749.1384025844
vehID40263,138098.9566018087
vehID20142,263652.76750881335
vehID30278,87349.89555497805
vehID30273,73013.44267662683
vehID40254,134587.0829438556
vehID20140,252072.3139611762
vehID30274,197455.3464493659
vehID40274,128967.26644933807
vehID20143,250658.7475973742
vehID30281,76261.48754110107
vehID40271,133228.970948938
vehID20146,255004.79057110354
vehID30277,71102.51983707375
vehID40266,130895.7087272159
vehID20145,246098.19495854818
vehID30279,74952.76413195196
vehID40280,135397.48407643815
vehID10148,176562.03275670903
vehID30280,74436.02065344882
vehID20144,251234.3063779765
vehID40273,127273.8819387291
vehID30282,72796.10594342656
vehID10152,172974.44364399693
vehID40270,127743.0676504428
vehID30283,185581.87841030475
vehID20148,238512.0948369726
vehID10153,175820.79706940512
vehID40269,121355.70677386236
vehID30287,182886.5041305032
vehID20149,243778.45693963577
vehID10151,177137.55813390538
vehID30288,65146.92047769576
vehID40276,126137.1357609008
vehID20150,242177.84781954362
vehID30285,184444.7961848479
vehID10156,166320.84900717952
vehID40272,119356.98035773716
vehID20147,237711.07168702758
vehID30284,66232.1425094639
vehID10154,166076.53873678242
vehID30286,179823.55651347284
vehID40268,110679.84250278857
vehID10155,172928.86126569414
vehID20151,239147.7944876456
vehID30289,176183.84670202975
vehID40275,116068.34822321802
vehID30292,180568.62935799977
vehID30290,176697.41460700784
vehID10159,166127.21166857975
vehID40267,111971.7214251923
vehID10162,166379.37087482287
vehID40278,113401.8858441443
vehID10157,162706.41451210267
vehID40279,112817.67316980856
vehID10161,298286.5555879613
vehID40277,102459.0803966874
vehID10158,158645.17771082287
vehID10160,287936.88913599163
vehID40281,107674.05447601719
vehID10169,290018.5252258847
vehID40282,101196.89906423028
vehID30293,162025.00890559875
vehID10171,286532.40871899994
vehID40288,100575.96843398924
vehID30291,40674.918108852224
vehID10168,281070.14782962506
vehID40290,101477.85858658495
vehID30299,159269.07826877758
vehID30298,155250.37685400978
vehID40293,100365.31455887358
vehID10165,281994.6628892475
vehID40287,101720.16171691862
vehID10163,284273.9614327367
vehID30297,164262.58126700364
vehID30295,158670.0609348102
vehID40283,89817.02294617565
vehID10170,282671.97076007543
vehID30296,154356.85648274294
vehID40292,87447.63558170504
vehID10164,277800.39563052106
vehID30294,147787.62884955705
vehID40284,95879.62061497357
vehID10167,276511.504895442
vehID30304,154309.7256665576
vehID40289,96312.01888993727
vehID10166,270086.38621977705
vehID40286,98274.08755862409
vehID30302,143023.6031950276
vehID40285,88405.67141939043
vehID10175,273691.50877251517
vehID30300,157546.8926695011
vehID40294,92382.53205913972
vehID10177,267670.9361717734
vehID30301,154709.408283085
vehID40295,81003.90671435164
vehID30303,141978.37222250598
vehID10172,268166.1396546683
vehID40291,86979.92816726424
vehID30307,149913.60606826338
vehID10176,263464.9879723502
vehID30306,149197.39306799838
vehID10174,268426.43597002403
vehID40302,84959.88951327327
vehID30305,144401.6991438165
vehID10173,262526.92199716566
vehID40301,70577.36999618898
vehID30308,145112.63091423237
vehID10183,265578.5280378707
vehID40307,78533.97695373098
vehID30309,137979.91922220614
vehID10178,259336.72711893855
vehID10179,266010.1818993243
vehID40296,74189.82272737683
vehID30310,137517.80428527217
vehID40304,76555.03720760324
vehID30314,134126.37073592553
vehID40303,72339.69239158148
vehID30312,143180.27608725886
vehID30313,134536.03171968317
vehID40300,70049.21253983183
vehID30311,133330.1534080816
vehID40309,189185.6979461774
vehID20153,175591.02077099093
vehID30317,142552.8317048983
vehID30319,136586.48674046918
vehID40297,188105.6680676509
vehID30315,129586.09717586094
vehID40305,63330.09898015114
vehID20152,173155.33934086244
vehID40308,66472.35678694662
vehID30316,132022.6139714089
vehID20156,171714.30205349156
vehID40298,65133.06372837143
vehID30318,127564.10578910063
vehID20155,173983.16673873353
vehID30320,126163.05926141224
vehID40299,59349.236534976604
vehID20154,171328.630628082
vehID30323,124787.84966171918
vehID40310,177338.67315729227
vehID20160,172637.85471399478
vehID30324,121876.50194251818
vehID40306,55642.67521932099
vehID40316,59231.89791583068
vehID20158,166901.01302786721
vehID30326,112734.72613103953
vehID40319,55053.321806253174
vehID20159,168860.96600101344
vehID30325,114783.39970700994
vehID40312,53148.64361876896
vehID40320,172657.55573796894
vehID20161,163921.86440424665
vehID30327,117368.91636752179
vehID30322,112454.31365170267
vehID40318,48876.385665185866
vehID20157,162206.12043795682
vehID40314,162491.2834794347
vehID30321,120993.12360400599
vehID20163,289431.3810100724
vehID40311,36386.78642227187
vehID30338,107287.0515269551
vehID40321,165403.3829570577
vehID20166,160033.67847538096
vehID30341,114528.32323304506
vehID40315,34645.82983878136
vehID20162,288045.5636509529
vehID30335,115939.04245836266
vehID20165,287174.1019996353
vehID30334,111551.53154477903
vehID40317,38447.16931300189
vehID20168,290273.7525420532
vehID20167,291984.40490616555
vehID30329,108126.89914877713
vehID40323,167707.25213728956
vehID20164,284765.77669415384
vehID30343,106619.7044289485
vehID40313,166602.73412085575
vehID20170,283645.9650528658
vehID30332,101059.22114021104
vehID40328,158166.5009209095
vehID20173,278036.49901104893
vehID30330,96402.68416158402
vehID40322,151750.37431529185
vehID20175,280582.1127804232
vehID30328,101075.4867138285
vehID40327,149195.13047566035
vehID20171,274109.71295019035
vehID30333,96628.02178243936
vehID40325,153620.7675888808
vehID20177,275013.2653048226
vehID30336,98423.643561209
vehID40330,154224.4780732306
vehID20176,273373.36723933456
vehID40331,148642.3622030961
vehID30337,94922.47622683726
vehID20174,273811.62598572246
vehID30340,102477.8641107993
vehID40329,148812.36663120633
vehID20169,270655.28265137546
vehID30339,90768.44096644929
vehID20172,271669.40534962923
vehID40326,145558.49746792333
vehID30342,209876.75620200566
vehID20181,268729.6669817013
vehID40324,136884.75418829778
vehID20183,264900.18999872624
vehID30331,85944.51935975501
vehID40338,137621.78154918205
vehID30350,203796.40535038884
vehID20184,265397.8033354726
vehID40339,133319.87126543588
vehID30352,204468.18911453485
vehID40332,141447.66861177344
vehID30345,76132.09947355305
vehID40337,137093.34180462855
vehID30348,88558.82796771158
vehID30354,203465.34073585924
vehID40335,138116.11906273346
vehID30357,82892.7560218362
vehID30355,195825.14940154465
vehID40340,129005.25982062475
vehID40334,129526.24223186872
vehID10180,171082.07562385526
vehID40336,124916.07413419973
vehID40341,126257.86723441517
vehID10182,178704.51573293962
vehID40333,131081.1218119176
vehID10181,170124.7974565436
vehID40348,120417.16297302204
vehID10184,171324.97842061156
vehID40347,122219.3966423303
vehID10189,172621.67514998413
vehID40342,120911.23157110561
vehID10188,169139.19280143006
vehID40344,123391.92488662175
vehID10191,164165.44605384982
vehID40350,111324.05844858492
vehID10187,171416.50658989366
vehID40345,117306.24953519348
vehID10190,164359.4555654713
vehID40346,116065.72834167295
vehID10186,297633.04742541525
vehID40349,110151.30923766704
vehID10185,163656.71987264504
vehID10196,159104.08703202129
vehID40343,116873.1529677207
vehID10199,292260.09315107897
vehID30353,166647.76402703082
vehID40355,104687.05309019492
vehID10195,153436.90404017907
vehID40356,103265.28806687614
vehID30344,154794.98757591608
vehID10194,283500.93809601135
vehID30347,40473.28426749228
vehID40357,103387.69192050664
vehID30356,40534.136363383994
vehID10198,286317.5268315513
vehID40359,102279.61012616342
vehID30358,153193.370442748
vehID10192,282513.8359933094
vehID40353,98779.82676588703
vehID30346,164670.88678013516
vehID40358,91844.85905114481
vehID10193,278867.37233534444
vehID30349,151432.23336529091
vehID40351,95165.969306807
vehID10197,274091.1271453602
vehID30351,148573.5293351
vehID40354,95279.89603793254
vehID10202,272279.93860074267
vehID30367,146954.58318585146
vehID40352,98396.85798476229
vehID40366,96593.61393464771
vehID10204,271220.9424648783
vehID30362,151323.92807257606
vehID40365,90055.17240309737
vehID10206,271324.19759031903
vehID10201,273427.4464310766
vehID30371,155532.5078554106
vehID40361,92044.74552616778
vehID10205,268287.7274574393
vehID30366,143557.74462674194
vehID40364,83252.0887085666
vehID30364,150450.01851235883
vehID10200,267577.6183095501
vehID40363,85881.8050883189
vehID30372,140134.33378020037
vehID10203,262992.9745255944
vehID40362,84218.09975363695
vehID30365,146590.23651957448
vehID10207,262618.044533101
vehID40360,83634.50948936054
vehID30360,137832.12433237117
vehID10212,258990.6088802312
vehID40367,80583.28781302288
vehID10213,258541.7954348074
vehID30369,141098.6946329013
vehID40368,82010.81567800105
vehID10211,256681.9453303288
vehID30359,139676.1665355385
vehID40376,83894.37291190658
vehID10208,254361.0433172763
vehID10217,258603.50908110925
vehID30363,126306.09274610109
vehID40373,74316.95187349009
vehID30361,133487.17900686493
vehID40372,64438.31114550128
vehID30370,137466.52504199202
vehID40371,72170.74677633456
vehID30368,127435.99491056959
vehID40370,66470.54568540813
vehID20178,172752.98132052697
vehID30373,134274.36161684734
vehID40374,72660.53158399517
vehID20179,171639.91327601887
vehID30383,131567.34853929235
vehID40369,75318.02148573374
vehID20180,169991.51473030844
vehID30382,125276.47836474358
vehID40375,70750.5852312901
vehID40381,185677.45626306903
vehID20182,171432.22625944082
vehID30377,124621.00586674726
vehID40385,183682.2580494815
vehID20186,169345.46611696173
vehID30376,122369.5668847552
vehID40383,55880.85809797392
vehID20189,165694.2956085085
vehID30379,116482.63543265813
vehID40380,58167.50922644897
vehID30381,116651.25375164949
vehID20191,167479.65678805098
vehID40382,178644.39358836695
vehID30375,115828.14603611198
vehID20185,165305.96843268233
vehID40379,48094.949837876884
vehID30374,114848.97369402947
vehID40384,168110.66109662227
vehID20187,170125.15513574885
vehID40377,46510.80542811461
vehID30378,114413.50251846624
vehID20190,165656.4609549889
vehID40388,166572.11066488625
vehID30380,107235.48749854775
vehID40378,44973.36663788624
vehID30384,114912.70729925463
vehID40392,167372.6225208676
vehID20188,160219.2157072775
vehID30400,109155.68026179446
vehID40391,164969.39121935307
vehID20192,151236.04611640176
vehID40386,157992.0904164744
vehID30397,114525.41126188613
vehID20196,289966.85372459097
vehID30387,104582.2881667986
vehID30390,108852.16314007454
vehID20194,159130.53881589824
vehID40390,166012.75400589415
vehID30393,102951.14176880417
vehID20198,153338.9462331584
vehID20193,285158.2433513948
vehID30394,93893.71917907207
vehID40394,166579.2228158928
vehID20195,285695.2592265679
vehID40387,150083.4689897139
vehID30396,102953.70172739707
vehID20197,281926.9120680689
vehID40393,157879.6005708014
vehID20202,279507.4913194525
vehID40389,156201.81744472613
vehID30398,100069.79255687661
vehID40403,155320.65232660933
vehID20204,281663.68332956894
vehID30392,88259.24740518833
vehID40395,154471.96974417023
vehID20201,274763.5077659121
vehID30385,101919.87557017115
vehID40402,154074.4743735416
vehID20200,272173.1069823379
vehID30388,91524.75046070814
vehID40399,155260.29848440856
vehID20205,271008.83467132103
vehID30399,82457.02702698081
vehID40397,149555.22697161767
vehID20199,269060.41656337946
vehID30389,89713.03603084054
vehID30386,89424.49379907188
vehID40400,152737.19191148446
vehID20206,268585.54356034275
vehID30395,95661.03379980092
vehID40401,148130.9626328196
vehID20208,265959.1787193315
vehID40398,139480.57697464808
vehID20203,268000.0173395024
vehID30391,83833.62914220932
vehID40396,138552.1718806026
vehID20209,266947.446395088
vehID30412,82592.03185891084
vehID30423,81978.74253479415
vehID40413,141704.8350449871
vehID20213,260425.8636429716
vehID30410,77298.4434307682
vehID20212,257420.23936354957
vehID40411,141673.75425274784
vehID30419,76125.46697581359
vehID20211,262167.8422202168
vehID30413,79107.20161330266
vehID40409,140685.27936124965
vehID40410,142449.68052178583
vehID20210,264793.286747786
vehID30414,80480.09577094873
vehID30420,74228.14532018262
vehID40408,147164.7166570704
vehID40404,135463.17984933767
vehID30405,80003.52079865191
vehID30409,68941.92616539799
vehID40412,144718.84310508604
vehID40406,133601.77479136735
vehID10210,170812.23142988374
vehID30406,66199.060437043
vehID40405,131334.00115414246
vehID30421,74978.98773210033
vehID10214,170813.90647568423
vehID40407,129680.1763833765
vehID30424,183830.3097770287
vehID30401,56986.13856951285
vehID10209,170782.56951320442
vehID40418,130246.23337034877
vehID30416,65312.24783231795
vehID10215,167191.48179634594
vehID40416,128423.36601794465
vehID30408,179220.43177860838
vehID40422,127942.66142482065
vehID10218,173743.96937503794
vehID30418,56332.5460549766
vehID40421,118568.35055071911
vehID10216,167310.17765735052
vehID30404,177454.4308549073
vehID40420,116793.43284808125
vehID10219,166886.2244525871
vehID30407,175232.4776884897
vehID40417,114807.16403994305
vehID30415,54810.95805034012
vehID10221,168862.34555386638
vehID30411,172913.27220247846
vehID40414,124288.44963845775
vehID30417,165922.48029239618
vehID10223,167998.65733839272
vehID30402,167901.5612334128
vehID40415,120803.68487493401
vehID10220,161210.27051383638
vehID40419,110781.0251786107
vehID10228,288937.4867190616
vehID10230,159816.2450808993
vehID40433,121743.01412652901
vehID10224,293394.6728956536
vehID40425,107438.72002931354
vehID40424,103797.06791389617
vehID10227,291113.37617296126
vehID10222,292762.5009282002
vehID40426,111394.8857808508
vehID30445,159359.98162677197
vehID10225,278706.63972863863
vehID40430,105137.10252331845
vehID10229,285358.8202958339
vehID30403,148630.39844424668
vehID40423,108356.32263369967
vehID10226,283312.52323847864
vehID30422,161576.08669825058
vehID40428,98660.87245913096
vehID10236,280176.99207086774
vehID30450,160246.1483900328
vehID40432,100954.41927254072
vehID10231,277046.73296704405
vehID10232,280508.8026333486
vehID30448,157015.46893281792
vehID40427,100936.6901097012
vehID10238,275919.03214566637
vehID30434,147907.39008385473
vehID40429,95176.00677511362
vehID40431,96048.38106504157
vehID10241,274652.4768724459
vehID30441,143033.01707875734
vehID40446,85955.52384872902
vehID10242,272569.7281376876
vehID30437,154192.78625291784
vehID30429,152221.31542588276
vehID40439,92809.5874384673
vehID10237,270124.8520702893
vehID30452,144537.25969650975
vehID40441,95586.42035281249
vehID10233,269564.8870671564
vehID30435,140483.09619327533
vehID40444,89667.46893563647
vehID10234,269321.8089560316
vehID10239,270205.08432411455
vehID30433,145021.53864335842
vehID40435,84568.9976503031
vehID10240,263294.4136977139
vehID30439,135986.47541797886
vehID40434,203777.41491168586
vehID10235,266144.73983271664
vehID30443,142045.16657248107
vehID40437,86287.61288243455
vehID10254,260478.3786597714
vehID40442,76985.17120220473
vehID20207,190376.97643750327
vehID30440,132084.15362997688
vehID40440,77525.64472057809
vehID30449,131202.0728152914
vehID40436,199851.195933561
vehID30447,140694.90349176308
vehID40445,77063.14610999753
vehID30426,137532.78718188938
vehID40443,192648.88788542914
vehID30438,129607.20125981774
vehID40448,70987.5185184634
vehID40463,68751.58621638105
vehID20218,166915.8123604388
vehID30444,133769.8479862932
vehID40438,69105.65810067113
vehID20217,167553.19532770294
vehID30430,126790.1604393128
vehID40449,66206.66208203945
vehID20214,173477.88946677567
vehID30442,119176.4498692411
vehID40457,188388.08731135965
vehID40455,184800.24964373957
vehID20215,173551.97727679633
vehID30425,126030.59886189604
vehID40462,66591.95125496715
vehID20220,171477.78989741573
vehID40456,61118.37276280372
vehID30432,117466.14301019523
vehID20216,170835.99259173643
vehID40447,180119.967916351
vehID30431,122107.69200022791
vehID20219,168732.9428918258
vehID40453,181967.96493863148
vehID30436,113848.5897993996
vehID40461,51375.80806441847
vehID20224,167580.5628184143
vehID20226,166797.82771243167
vehID30446,107114.03831201616
vehID20227,164670.8187744375
vehID30451,108786.42451076108
vehID20221,165526.14144640818
vehID30428,113424.67492820731
vehID20223,292323.1171570009
vehID30427,108710.4799474441
vehID20225,154925.76577593986
vehID30462,103423.88857724161
vehID20222,292976.0742166731
vehID30461,108294.26660278409
vehID40459,36954.313840685805
vehID20230,290157.26670409663
vehID30478,100838.88787801548
vehID30475,103755.56793976983
vehID40460,163049.2939091053
vehID20232,286519.8132043534
vehID40451,168328.59758917484
vehID40452,162615.77386329454
vehID20233,281041.1614613034
vehID30470,106066.74882389315
vehID40458,157727.6080062234
vehID20236,284491.2337892164
vehID30476,101150.23375589219
vehID30472,104808.26199113157
vehID40475,154273.17978980625
vehID20228,280085.7255696765
vehID30469,96106.64052415092
vehID40467,164649.82473791917
vehID20235,276549.6452197366
vehID30459,92391.31723182804
vehID40454,151052.06475620862
vehID20234,273844.716771058
vehID30466,80491.82050465088
vehID40474,154852.557185295
vehID20237,272785.7994994551
vehID40450,149077.8947081969
vehID30471,94399.69092746887
vehID20229,272834.63811552705
vehID30458,93767.34001770515
vehID30477,91480.80745264346
vehID40479,144549.38739972748
vehID20231,266523.23241750104
vehID30463,85726.68151266883
vehID40466,146114.6434007009
vehID20244,267347.7146376828
vehID30465,79453.4515194187
vehID40468,143824.66571468307
vehID20240,266365.8453388699
vehID30454,84102.3150860555
vehID40470,139914.89006257447
vehID20239,264245.18057243794
vehID30479,85079.97499818132
vehID40477,142430.25234887388
vehID20241,262770.9237181045
vehID30456,77758.89761267143
vehID20242,260220.9780175259
vehID40465,143595.80933078437
vehID30480,79571.28542399325
vehID20238,260923.7266580182
vehID40472,137482.80517266516
vehID20243,258000.0249707505
vehID30464,81605.53752652109
vehID40480,141360.1526021908
vehID20251,258823.65690651507
vehID30453,73147.58902166631
vehID40464,139104.38299980608
vehID20245,256939.08899199936
vehID30473,66496.69022499009
vehID40476,137626.70773291506
vehID30467,71972.53185003994
vehID40478,136638.88169397926
vehID10250,176128.93813125385
vehID30455,68833.66534864958
vehID40471,127222.32573708716
vehID10255,168441.31160942104
vehID30468,68756.21070274309
vehID40469,131871.7050983554
vehID10253,171700.3889053102
vehID30457,62549.88699494176
vehID30474,189275.7228719129
vehID40473,125172.88993100991
vehID10244,170522.98789599026
vehID30501,64333.1628147097
vehID40489,127063.72367004342
vehID10251,166688.19586106477
vehID30460,60790.468142229016
vehID40491,122804.06271471859
vehID10245,164766.96773754305
vehID30496,61061.142167987724
vehID40486,120941.49894680228
vehID10247,164064.38049845197
vehID30489,52417.72028003323
vehID40490,122728.49622617211
vehID10248,170788.54397799645
vehID30481,175995.40648591114
vehID40494,113254.63598050187
vehID10243,163994.87418389274
vehID30498,170092.070108757
vehID40492,112899.71310426832
vehID30485,46449.44447435752
vehID10249,158486.1684236524
vehID30497,173773.14455016033
vehID40481,112528.98269726236
vehID10252,294553.01195440494
vehID30486,166210.0073109513
vehID40485,108516.23543327
vehID30510,45218.40665774614
vehID30483,164431.07028254657
vehID10246,155130.1125155749
vehID40496,112164.49886756932
vehID10260,289012.5329681017
vehID40499,107061.12006804482
vehID40497,106460.36418728188
vehID10258,157389.5917590755
vehID30488,37062.695488125086
vehID30487,156876.6994997243
vehID40487,106498.78055655691
vehID10256,283461.0828991908
vehID30514,159209.71321348482
vehID40483,108588.19123197743
vehID10257,280973.1653313549
vehID30482,163252.7857144839
vehID40500,101265.92625518312
vehID10269,281779.59971727844
vehID10263,280887.547897206
vehID30499,164282.57058249996
vehID40493,102914.6278790662
vehID30513,156529.92939174577
vehID10259,287446.3212980408
vehID10270,279842.87048422225
vehID30506,154843.40291806363
vehID40484,97587.11897726693
vehID10265,278778.95968697325
vehID30493,148423.4885429797
vehID40495,96405.16381093548
vehID10267,275509.295402943
vehID30511,153069.96436579316
vehID40482,97168.59367200367
vehID40528,87718.95253066414
vehID10264,273078.6653966843
vehID30503,155929.7342148308
vehID30515,157326.363053614
vehID40513,90248.03608420125
vehID10268,272075.85088562075
vehID30495,150406.85690618271
vehID40498,96558.02312455187
vehID10262,268580.2909113425
vehID30502,144627.33110980323
vehID10261,270575.7398348399
vehID40488,85766.96036674287
vehID10278,268412.0530012104
vehID30505,138526.39198609316
vehID40509,90884.40281644028
vehID10277,263314.45159675326
vehID30504,138547.19434997265
vehID40504,89561.27383948877
vehID10266,263268.15270565066
vehID40530,75366.54194339173
vehID30494,138933.78538639587
vehID10275,263692.3926673296
vehID40529,73409.81423380392
vehID30512,136295.79495650544
vehID40506,81022.97908272313
vehID30490,130477.67794169851
vehID40522,77931.40654187914
vehID30492,138064.58853968582
vehID40518,77119.07991417038
vehID30508,138471.6176486331
vehID40519,71454.94607864838
vehID40525,64205.33265368602
vehID30500,132547.93142981225
vehID30484,127088.84028451167
vehID40512,77594.94412661351
vehID20246,173396.87466469064
vehID30507,131254.7373588412
vehID40515,60828.804756829544
vehID30509,130269.89121542574
vehID40526,184086.82105312834
vehID20248,172144.47906506175
vehID40523,66269.2692948693
vehID30491,126104.24327746584
vehID40521,61627.646542833536
vehID20247,169214.3781761725
vehID30528,126066.74170244366
vehID30519,122827.79620008322
vehID40508,62164.912615510366
vehID20258,177627.7145911984
vehID30549,123463.80294437343
vehID20250,177161.93418515392
vehID40510,56234.29514228472
vehID30542,122979.60523416882
vehID40520,56628.79770068831
vehID20249,170498.93640420883
vehID30535,113383.28114112596
vehID40517,170150.9309469648
vehID20254,166606.1031074507
vehID30529,117344.11230349117
vehID40503,177564.9286478684
vehID20252,167841.19468147558
vehID30545,121661.31584214488
vehID40514,49634.55688880606
vehID40505,172525.96767784332
vehID20257,163457.59984731843
vehID30553,117194.92054376453
vehID40501,173694.94484440424
vehID40527,173347.08795464522
vehID20259,294424.7620636336
vehID30517,112182.92266792645
vehID20255,163095.69892545036
vehID30554,112062.43146606519
vehID20256,288798.81726800645
vehID30521,112470.43093533846
vehID20253,291335.6374135522
vehID30526,101879.05036219496
vehID40524,160160.32685417423
vehID20261,285085.6548479743
vehID30536,105826.9009033731
vehID40502,154701.92485460636
vehID20260,282503.96662317106
vehID30522,108138.57885769565
vehID40511,155423.2619707931
vehID20262,285380.75460972067
vehID30547,105712.99763755688
vehID20265,284659.3743843751
vehID40516,154496.1610919436
vehID30540,106149.47408866521
vehID30530,98437.80212092283
vehID20263,279280.1129374814
vehID40507,166103.78556581849
vehID30523,102437.19849160583
vehID40563,159351.0931387387
vehID20264,281970.52779875265
vehID30552,94118.15148457715
vehID40543,151482.27220578893
vehID20266,278992.7638173336
vehID30520,99346.84147596938
vehID40567,149590.3930665164
vehID20272,275301.3274389719
vehID30555,98929.76322502436
vehID40534,148753.7999164559
vehID20275,276317.5951788056
vehID30518,93410.06620382325
vehID40535,146753.1365472917
vehID20273,273411.59861195605
vehID30538,83138.09465831699
vehID20276,274847.6748881608
vehID40558,148854.67719048442
vehID30539,92680.09025134757
vehID20268,266371.27635807765
vehID40556,149466.9210528518
vehID20269,273918.9317655678
vehID30537,89897.27935604003
vehID40532,143439.02500572798
vehID20274,268470.6046438867
vehID30527,80204.05882962947
vehID40546,145648.93445029907
vehID20271,259641.4104896265
vehID30546,87026.21925975733
vehID20267,265016.7494623392
vehID40553,135842.5574267764
vehID30544,83062.6670048858
vehID10273,179204.1599083785
vehID20270,266537.6638576906
vehID40566,136421.23529554624
vehID30516,84143.62305999978
vehID40545,140009.17242276727
vehID30534,82159.13994177668
vehID40550,133479.9989286111
vehID40569,135043.53701918153
vehID30550,75054.85550224228
vehID40541,133726.9368434027
vehID30532,69334.65595438649
vehID10276,177454.20700885725
vehID40568,130909.64742613514
vehID30533,76605.3729013446
vehID10272,166162.29690017947
vehID40549,131749.87957157916
vehID40540,125418.11882288253
vehID10286,169501.7057671848
vehID30548,69257.26269190536
vehID40552,124544.48505485753
vehID10284,172121.38429997212
vehID30525,63348.11163458621
vehID40559,128889.62920313767
vehID10281,175281.2348523439
vehID30524,66932.32231422132
vehID40554,124196.08821887069
vehID30551,67085.7930302407
vehID10279,170630.79344290003
vehID30543,64035.88604567489
vehID40561,121451.91668229035
vehID10285,166791.58172509994
vehID30541,179083.7317644798
vehID40531,115624.21131367014
vehID10282,168979.7703987879
vehID30579,59536.571009389336
vehID30531,58414.85355034039
vehID40542,118740.16028818832
vehID30586,174200.29955114133
vehID10283,167848.5089615089
vehID40564,116934.25704067198
vehID30575,172188.31165005808
vehID10274,165909.99729744173
vehID30561,169182.29016201117
vehID30560,169986.94454131203
vehID40544,111023.5483913482
vehID10280,164538.00827071097
vehID40539,107124.52206550352
vehID10271,157389.03022124144
vehID40536,118077.55602915668
vehID40570,113187.46269531662
vehID10291,157639.5679360935
vehID40555,115341.95624104168
vehID10294,287207.2060643919
vehID40547,100430.07771486274
vehID10295,157242.3424560458
vehID30566,42333.74254895472
vehID40565,109407.02268017591
vehID10287,282868.3983706995
vehID30593,161752.26645040303
vehID40538,102865.52091392892
vehID10288,280056.24699770217
vehID30557,160102.3436939482
vehID40551,98871.75764272241
vehID10296,282517.00861083233
vehID30574,153090.20099450424
vehID30562,153502.3557397242
vehID40562,95769.72313993945
vehID10289,276952.149062461
vehID30559,153934.11343372674
vehID40533,93083.21971774864
vehID10297,274591.07425361784
vehID30577,150035.0968407384
vehID40571,98300.36931964556
vehID10293,274840.1151969579
vehID40557,97803.69757520706
vehID10290,270543.9406430965
vehID30581,146406.21298889554
vehID40537,97011.55925106071
vehID10301,269652.9865737972
vehID30568,146578.84287265065
vehID40560,91200.35629162916
vehID10299,270452.00662011624
vehID30580,150691.9735934818
vehID40548,91494.6729302729
vehID10300,264933.9585565919
vehID30569,143394.2212122653
vehID40602,88340.64845263275
vehID10312,265955.3839143297
vehID30570,145003.83822512516
vehID40595,90293.23733070643
vehID10292,263725.0546283113
vehID30564,143203.79835768297
vehID40605,81892.48482016675
vehID10309,260407.04522366144
vehID30572,137056.0391796976
vehID40585,77832.34351749695
vehID10298,266958.23648639565
vehID10302,260490.95287032725
vehID30591,146492.3693170408
vehID40574,78252.07339101107
vehID10317,256409.43480228182
vehID30565,134776.96884237888
vehID40599,202551.19837158883
vehID20283,184766.5995013526
vehID30584,137149.76216873503
vehID40600,204322.19353072825
vehID30567,133016.07025484103
vehID40608,197459.28548878594
vehID30576,129869.57760516091
vehID40596,66311.93765276189
vehID30578,132320.96677123438
vehID40607,70129.59129109363
vehID30571,130071.51890462452
vehID40591,68988.44923866613
vehID20277,173964.45235428424
vehID30583,128853.59327536507
vehID40590,66641.7411416816
vehID30589,132708.1177668294
vehID20281,173545.5986431422
vehID40589,66195.42538503648
vehID30563,121559.29144102239
vehID20284,173020.9464445271
vehID30582,123642.05852404678
vehID40573,53889.1639445237
vehID30573,117697.33424996295
vehID40579,61739.67120139355
vehID20280,174734.5070354039
vehID30558,121270.7008008186
vehID40610,181572.6281199586
vehID20282,175773.9590513763
vehID30590,116760.43321047624
vehID40588,59082.91821457489
vehID20285,172876.17563233408
vehID40583,48296.29975282258
vehID40587,178150.09740673838
vehID20279,166856.02032002356
vehID30556,120722.82505223845
vehID40577,177992.26885557952
vehID40604,172640.12939865066
vehID20278,301442.3556336723
vehID30588,112320.7407856835
vehID40584,54851.25898683923
vehID20290,164827.27783426762
vehID30598,114552.8635450381
vehID40594,50247.385680612
vehID20291,301506.9422368196
vehID30617,112743.92664936412
vehID40572,175192.6810506675
vehID20288,294675.16461911506
vehID30585,110626.10197279415
vehID20287,296878.9151483023
vehID30587,112966.04908575749
vehID30592,111093.719383296
vehID20286,291030.79607286135
vehID30612,100068.40538282243
vehID20292,294334.8194394898
vehID40601,163828.21221395335
vehID30594,104983.5560803235
vehID20289,288246.61274751736
vehID30608,107301.61094463753
vehID20296,289831.3048602749
vehID40578,156447.93212365964
vehID30602,104386.0230459096
vehID20293,281796.5020895681
vehID40609,152740.0961609417
vehID30605,98283.78505311806
vehID20294,286000.7334558016
vehID40582,158912.5507092495
vehID20298,279314.9000881121
vehID30616,103075.03732342854
vehID40575,159403.49005899671
vehID20299,278945.1495130621
vehID30611,96012.16622903213
vehID40611,147123.7009135653
vehID20300,279114.0659835896
vehID30624,95716.96173827251
vehID40581,148783.59929248624
vehID40603,148426.12638846238
vehID20295,273327.325064322
vehID30618,93277.95986936169
vehID30607,93249.10206365763
vehID40586,154250.1965411839
vehID30596,80155.91055795999
vehID20297,272340.60563893686
vehID40580,157964.23982397479
vehID30609,88885.03412880337
vehID20304,269026.5624537323
vehID20306,274943.84240385104
vehID40597,159245.6153967658
vehID30600,87601.66733051799
vehID20305,276249.1486825597
vehID40576,141227.47017122875
vehID30614,82363.41280780088
vehID40598,140487.89411738975
vehID20301,269696.7763397316
vehID10307,194351.8879529292
vehID30601,81943.86110409113
vehID40614,138042.43573625156
vehID20307,262271.3032941411
vehID30604,81314.08770876344
vehID40592,139665.5184581343
vehID20302,272414.60913417686
vehID20303,264380.6150163066
vehID30613,82490.27343999328
vehID40593,140079.71162991977
vehID20313,261723.11418313254
vehID30615,77765.54770039304
vehID40606,135238.13941659467
vehID30620,71461.73734710779
vehID40634,127151.17268027965
vehID30621,79040.60969621416
vehID30603,76497.28517089492
vehID40629,140242.8186103361
vehID30610,195644.2341988006
vehID40619,131472.87088595223
vehID10311,173117.10572006588
vehID30595,188102.20275361137
vehID40638,124111.99002536343
vehID10316,166682.20547589214
vehID30619,69642.19754660156
vehID30623,65749.7770712438
vehID30599,195007.84172735587
vehID40625,128000.82977089947
vehID10306,168913.41320976077
vehID30597,183323.40108253315
vehID40624,124363.90238804117
vehID10314,168878.83644806346
vehID30622,184993.184249255
vehID40622,126586.52681372245
vehID10313,176419.819962487
vehID30606,56337.095926648566
vehID30652,185735.4045171475
vehID40620,118345.08593173292
vehID10318,171362.12994490677
vehID40616,125212.39199303834
vehID10304,175811.84011745197
vehID40646,122288.970469875
vehID10310,164499.59316173036
vehID40640,119389.72572764276
vehID10315,164705.43928819578
vehID40618,113357.11627172004
vehID10303,166437.29066455568
vehID40642,119080.4610960864
vehID10305,163369.5072268211
vehID40627,110828.5436854978
vehID40628,114709.55504357137
vehID10308,159387.46323792948
vehID40647,114121.6464114716
vehID10319,161451.86989222307
vehID30659,44878.82563012963
vehID40635,109617.89554692346
vehID10333,156438.51912975463
vehID30661,36300.19882734872
vehID40623,104584.81461397053
vehID10325,222730.97664251045
vehID30626,35132.66854182395
vehID40633,110147.96747787663
vehID10323,152639.74426544446
vehID30657,153049.87833518532
vehID30649,156968.3845281226
vehID30636,45589.385715446864
vehID40630,108860.90338298227
vehID10324,216701.12506053766
vehID30642,157778.26118597313
vehID40613,104568.45800889563
vehID10322,212901.5412025146
vehID30662,152208.08811982253
vehID10320,211122.92301044022
vehID40639,101888.65449221006
vehID30658,150409.14812527373
vehID40644,101216.3470522372
vehID10330,207694.86488288347
vehID40612,100797.33447280189
vehID30653,148934.79112018418
vehID40641,99762.97312740593
vehID10331,207106.10163404694
vehID30645,149823.1004556025
vehID40617,99503.533107178
vehID10334,202957.21948977988
vehID30631,150142.1910597947
vehID10329,201428.10228332804
vehID40648,95232.24897047644
vehID10332,202289.53178987702
vehID30660,149211.5542889459
vehID40645,83316.83314846634
vehID10328,195430.09859188314
vehID30643,140861.03939722624
vehID40631,83169.42362217637
vehID10326,195369.10089040795
vehID30654,147578.34368411842
vehID40643,91197.17677444927
vehID10321,191304.46673285787
vehID30634,138971.1273392051
vehID40636,88143.14629135164
vehID10327,188211.9853727904
vehID40632,82490.28346842284
vehID30630,140715.6350847396
vehID10349,186743.13380849757
vehID30638,142488.8233918955
vehID40621,81697.66283620754
vehID10338,183033.31953066544
vehID30640,138908.80355115182
vehID40626,81687.6376410031
vehID10336,181759.6395641324
vehID30629,126708.22327110401
vehID40696,75787.6542137338
vehID10342,178599.9987022247
vehID30639,133187.32327373506
vehID40659,178946.89517651126
vehID10346,177287.9827849756
vehID10340,173858.77444817836
vehID30644,132388.18080967508
vehID40637,78701.23028934456
vehID30648,132324.59865963415
vehID40677,171474.29154892062
vehID30656,130950.82414742517
vehID20312,170332.1767714715
vehID40615,73555.4133819452
vehID30641,128744.74649052427
vehID40653,168985.60653770345
vehID20315,167679.38837982592
vehID30650,131540.86405761138
vehID40672,64321.30642274222
vehID20308,171395.478523877
vehID40650,167820.32408923956
vehID30635,122134.90718750955
vehID40691,67868.8641927643
vehID20314,169257.0704177803
vehID30655,120359.51716750741
vehID40649,159188.29158996206
vehID20310,165752.43110183856
vehID30632,115755.15803449994
vehID40661,59549.19468354416
vehID40654,160670.90819830322
vehID20311,171469.12089865754
vehID30637,112965.59489372751
vehID40665,55058.25327140889
vehID20309,161235.34433955062
vehID40667,155746.58349253002
vehID30647,113439.7644704014
vehID20319,164345.21841250572
vehID40674,150214.36748189668
vehID30646,113376.34563736925
vehID40657,50558.93123369074
vehID20320,157388.77560822474
vehID40669,54058.909524725736
vehID30625,115994.48076937872
vehID30633,118084.14165628803
vehID20317,152560.41775016667
vehID30627,118309.23913312299
vehID20321,153419.92216289171
vehID30628,110868.94639559805
vehID20322,146489.24706678776
vehID30686,110251.37247656868
vehID20316,141951.4740643016
vehID30651,111870.18197227527
vehID20318,138179.0993896682
vehID40689,145264.7708207845
vehID30677,101399.40132224897
vehID20323,139647.90605986235
vehID40683,143718.26448364387
vehID30665,101191.65145313986
vehID20327,134795.04857481236
vehID30671,102273.94101462045
vehID40692,132862.678146457
vehID40678,135743.68331664288
vehID20330,130249.33380255151
vehID30694,102885.46770831356
vehID20332,130193.86819738497
vehID40684,133555.4739458665
vehID30692,107389.87267513557
vehID20325,123560.77962554425
vehID40685,128867.12426934918
vehID20328,128891.26835495154
vehID30668,97131.12839610508
vehID40687,125817.38125265646
vehID20331,124603.9258773254
vehID30673,94517.99003211339
vehID40651,121603.0750287073
vehID20324,120670.96212176788
vehID40652,121889.2354234993
vehID30675,95198.97681759878
vehID40670,122571.6368061826
vehID20326,116294.80522028993
vehID30684,85477.3980418737
vehID40680,122032.38559449662
vehID20333,118076.29907975024
vehID30689,85052.12041914335
vehID40688,119000.39703520719
vehID20329,115283.34111995886
vehID30676,87852.8957761599
vehID20334,114177.41680565524
vehID40658,116487.81437634835
vehID30679,86613.4912996404
vehID20335,110569.99601001776
vehID40682,116718.01609077696
vehID20341,109274.2144891288
vehID30664,83638.56803839354
vehID40663,109379.26772963315
vehID20339,107290.53507991915
vehID30682,85681.50545416241
vehID40662,107331.19130982285
vehID30681,85163.23839116645
vehID40664,102958.31038796212
vehID30685,76210.53613267944
vehID40656,102385.73690360984
vehID30687,75650.66200168795
vehID40693,102410.514751516
vehID30667,71100.10849717326
vehID40686,99096.06800732088
vehID10343,93389.99143251676
vehID30690,71019.06617112766
vehID10345,88392.97958561448
vehID40676,94158.22871388195
vehID30683,68326.18094232901
vehID30678,56278.56468684399
vehID10335,87553.80076957926
vehID40666,90544.14586501048
vehID30691,57251.766138899155
vehID10341,84169.4934371714
vehID40679,90176.69663234151
vehID30670,84359.98399637351
vehID10337,86006.57584547982
vehID40673,86288.95263822234
vehID30674,57956.14617444125
vehID10350,85381.00002120608
vehID40668,86199.4110089048
vehID30693,54639.330872098595
vehID10344,82671.33339522881
vehID40694,82551.96558743725
vehID30669,59217.76884541429
vehID10339,76076.87167312077
vehID40655,78772.8747451155
vehID30680,52348.363777134335
vehID40671,79665.5306830853
vehID10348,76031.44693058998
vehID30666,48971.55316712459
vehID40690,76634.80971144192
vehID10367,75327.10566025323
vehID30695,51582.82195646406
vehID40695,73464.38329385716
vehID10347,71409.80438807036
vehID30663,70591.22000706744
vehID40740,70353.06853363964
vehID10365,70377.68186380321
vehID30688,63631.36867922108
vehID40675,69750.9288263362
vehID10361,68644.43891295216
vehID40737,63520.398534644024
vehID10366,63276.10234656824
vehID40660,64659.42910203704
vehID30672,42540.410111122714
vehID10354,59913.25140588985
vehID30705,33580.35971263836
vehID40702,61121.79632122874
vehID10356,58713.99140556339
vehID30721,54920.12718519782
vehID40681,59985.80409133704
vehID10357,56385.87242209831
vehID30712,60814.9105954966
vehID40720,58738.77561126432
vehID10351,53531.76940224284
vehID30723,55304.81383603148
vehID40708,53783.66323218091
vehID10363,52042.16116965827
vehID30703,51159.5247236196
vehID40713,51656.82135869078
vehID10353,49183.263964251266
vehID30710,46956.66514785884
vehID40733,46597.410048270816
vehID40705,44092.41811759762
vehID10364,44616.38912303665
vehID30711,45583.14223985549
vehID40719,46619.95994796331
vehID10358,42981.101664929476
vehID30713,47020.42004915376
vehID40739,44098.879171765795
vehID10359,38584.20080906554
vehID30714,41641.820246908384
vehID40724,39118.8215580373
vehID10355,37412.501202376865
vehID30725,37875.965339615585
vehID40723,40797.27382849483
vehID10362,34729.214699136064
vehID30707,38659.847373027136
vehID40729,36075.47793002688
vehID10352,30605.358582197874
vehID40704,35127.416966073135
vehID10377,31782.106269198764
vehID30697,34317.505769198295
vehID30716,31973.8262763491
vehID40715,32154.478297595797
vehID10360,29172.2162168285
vehID30708,28200.48981263779
vehID40717,29229.627869355798
vehID10376,26590.476892933326
vehID10368,24769.682141409092
vehID30702,26468.801086339452
vehID40709,25631.119531935543
vehID10381,20497.473070177213
vehID30715,22741.199633989498
vehID40727,23889.47411791559
vehID10380,20437.23504652724
vehID40738,24114.720269383713
vehID30698,28152.26430321936
vehID40730,18894.53434374036
vehID30717,22308.6120712162
vehID40743,17340.96413730276
vehID30704,21591.235657245004
vehID40700,15232.531835153604
vehID30696,16985.69437208548
vehID40721,14326.645879528378
vehID20338,13005.79721991402
vehID30719,14186.866465266428
vehID40711,9596.169806947637
vehID20340,14915.85407028225
vehID30706,11977.898114435691
vehID40697,7098.496066781534
vehID20342,9310.88027715433
vehID30722,6731.794333987274
vehID40718,5009.116994911871
vehID20336,3193.4374838055364
vehID30724,2129.649655828737
vehID40726,837.2222222222222
