vehID30016,35
vehID40021,113
vehID10004,177
vehID30007,33
vehID40026,112
vehID10003,169
vehID20001,75
vehID30021,40
vehID40028,108
vehID10007,170
vehID30011,41
vehID40032,107
vehID10002,165
vehID30026,37
vehID40007,106
vehID20002,70
vehID10006,168
vehID40018,104
vehID30004,38
vehID20003,67
vehID10009,163
vehID40011,103
vehID30024,36
vehID40024,99
vehID10008,161
vehID20004,60
vehID30008,41
vehID40030,100
vehID10010,159
vehID30020,40
vehID40015,97
vehID10005,157
vehID30009,38
vehID40023,96
vehID10014,157
vehID30027,38
vehID40027,93
vehID10017,155
vehID30015,37
vehID40008,84
vehID10018,153
vehID20006,50
vehID30025,34
vehID40014,88
vehID10012,151
vehID30005,37
vehID40019,85
vehID10015,150
vehID20005,44
vehID30006,32
vehID40013,79
vehID10019,148
vehID30002,179
vehID40005,81
vehID10011,148
vehID30014,178
vehID40033,78
vehID10013,143
vehID30010,170
vehID40004,80
vehID10016,142
vehID30003,167
vehID20008,34
vehID40009,69
vehID10020,137
vehID30017,167
vehID40016,71
vehID10026,136
vehID30023,166
vehID20007,32
vehID30001,160
vehID40017,64
vehID10027,135
vehID30013,160
vehID40025,66
vehID10022,136
vehID20009,38
vehID30019,158
vehID40031,63
vehID10021,131
vehID40003,65
vehID30022,158
vehID10025,134
vehID40012,66
vehID20010,36
vehID30018,157
vehID40022,59
vehID10024,129
vehID30012,150
vehID40006,63
vehID10023,127
vehID20012,204
vehID40001,54
vehID30030,148
vehID10034,128
vehID40020,52
vehID20011,200
vehID30043,146
vehID10031,123
vehID40029,54
vehID30038,147
vehID10035,124
vehID40010,47
vehID30050,141
vehID10033,118
vehID40002,45
vehID30034,139
vehID10028,119
vehID20014,190
vehID40040,46
vehID30036,141
vehID10032,112
vehID20013,194
vehID40048,40
vehID10030,116
vehID30049,138
vehID40046,42
vehID10029,114
vehID30046,136
vehID40062,37
vehID10038,272
vehID30045,128
vehID40056,36
vehID10039,107
vehID20015,177
vehID30037,125
vehID40050,37
vehID10037,106
vehID20016,181
vehID30029,132
vehID40039,36
vehID10040,263
vehID20017,173
vehID30044,131
vehID40036,36
vehID10041,262
vehID20018,172
vehID30047,118
vehID40047,36
vehID10036,260
vehID30051,115
vehID10043,258
vehID40044,34
vehID30031,114
vehID10042,257
vehID40038,37
vehID10047,257
vehID30042,121
vehID20019,166
vehID40057,33
vehID10048,262
vehID30039,121
vehID20020,163
vehID10044,254
vehID40055,34
vehID30033,118
vehID10046,253
vehID40064,39
vehID30040,102
vehID10045,252
vehID40065,37
vehID30035,99
vehID10049,250
vehID40035,174
vehID10051,248
vehID30032,98
vehID40059,175
vehID10054,247
vehID30041,110
vehID10056,246
vehID40061,165
vehID20021,147
vehID30066,92
vehID40041,172
vehID30070,90
vehID40049,164
vehID20022,143
vehID40063,166
vehID30028,104
vehID40058,160
vehID20023,141
vehID30069,93
vehID40045,156
vehID20024,142
vehID30048,82
vehID40053,160
vehID30064,83
vehID40052,153
vehID30065,83
vehID40037,156
vehID30071,78
vehID40054,150
vehID30072,78
vehID40043,150
vehID30068,79
vehID40042,148
vehID30053,76
vehID40051,146
vehID30055,78
vehID30063,70
vehID40034,141
vehID20026,114
vehID30052,76
vehID30058,71
vehID40060,149
vehID20025,115
vehID30062,76
vehID40089,137
vehID10050,205
vehID20027,110
vehID30054,66
vehID40082,137
vehID10055,205
vehID40078,137
vehID30060,71
vehID40069,132
vehID10052,199
vehID30059,65
vehID30057,61
vehID40071,138
vehID10057,204
vehID20028,102
vehID30067,65
vehID40088,133
vehID10053,195
vehID20029,102
vehID30061,65
vehID40085,126
vehID10063,194
vehID20031,100
vehID30056,67
vehID40077,127
vehID10059,196
vehID30078,59
vehID30075,64
vehID40076,121
vehID30074,64
vehID10061,190
vehID40073,124
vehID30084,49
vehID10058,192
vehID20030,93
vehID30076,58
vehID40067,120
vehID10064,184
vehID20033,90
vehID30079,44
vehID40072,115
vehID10060,188
vehID30090,43
vehID40084,118
vehID10062,191
vehID30092,42
vehID40074,112
vehID10068,181
vehID20032,77
vehID30093,50
vehID40081,110
vehID10066,179
vehID30082,46
vehID40092,109
vehID20035,79
vehID40087,111
vehID10069,180
vehID30085,46
vehID20034,77
vehID30073,185
vehID40091,108
vehID10070,180
vehID30083,186
vehID10065,173
vehID30091,43
vehID40093,102
vehID10067,337
vehID30081,183
vehID10072,169
vehID40079,98
vehID30087,187
vehID30086,35
vehID10074,333
vehID40090,97
vehID30089,173
vehID10075,328
vehID40075,99
vehID30080,171
vehID10071,328
vehID40086,91
vehID20037,60
vehID30077,182
vehID10073,326
vehID40068,90
vehID30088,168
vehID10076,326
vehID20036,225
vehID40083,94
vehID10078,323
vehID30103,164
vehID40066,86
vehID10080,322
vehID30102,162
vehID20038,219
vehID40080,86
vehID10077,323
vehID30109,169
vehID40070,82
vehID10079,318
vehID30097,169
vehID40106,89
vehID30101,157
vehID10082,319
vehID10081,317
vehID40119,78
vehID30105,168
vehID10086,317
vehID30098,168
vehID40102,82
vehID30108,169
vehID10088,314
vehID20039,209
vehID30104,150
vehID40107,75
vehID10084,314
vehID30096,155
vehID40121,78
vehID10085,313
vehID30107,146
vehID40112,67
vehID10083,311
vehID10087,313
vehID30111,151
vehID40117,70
vehID10090,308
vehID30095,142
vehID40122,71
vehID30100,154
vehID40110,76
vehID20040,194
vehID30110,145
vehID40116,73
vehID20041,188
vehID30099,137
vehID40109,54
vehID30106,136
vehID40111,56
vehID30094,132
vehID40105,50
vehID20042,181
vehID30122,142
vehID40108,52
vehID30129,132
vehID40118,53
vehID30124,134
vehID40114,44
vehID20043,178
vehID30118,123
vehID40095,45
vehID30123,135
vehID40120,48
vehID30114,121
vehID40113,42
vehID20044,168
vehID30121,121
vehID40096,41
vehID30117,123
vehID40097,43
vehID40104,45
vehID30120,127
vehID40101,44
vehID30126,115
vehID20046,157
vehID40094,33
vehID30113,118
vehID40099,37
vehID30127,123
vehID30128,109
vehID20045,154
vehID40115,36
vehID30112,108
vehID40123,178
vehID30116,110
vehID40098,183
vehID20049,150
vehID30125,104
vehID40103,172
vehID20048,146
vehID30115,111
vehID30119,103
vehID40136,171
vehID20047,146
vehID40100,166
vehID30142,97
vehID40134,174
vehID30140,101
vehID40141,162
vehID30137,92
vehID40150,161
vehID30138,102
vehID30141,95
vehID40144,157
vehID20050,136
vehID30144,91
vehID40147,155
vehID20051,128
vehID30145,94
vehID40138,154
vehID20052,126
vehID30134,87
vehID40132,158
vehID20053,126
vehID30139,90
vehID30143,93
vehID40133,156
vehID30136,93
vehID30135,83
vehID40149,145
vehID30146,79
vehID40127,143
vehID30131,87
vehID40146,141
vehID30132,79
vehID40137,140
vehID30133,73
vehID20055,109
vehID40140,141
vehID30153,74
vehID40124,146
vehID10094,202
vehID30130,80
vehID20054,107
vehID40139,130
vehID30148,64
vehID10092,200
vehID20057,102
vehID40129,130
vehID30162,73
vehID10091,198
vehID30159,62
vehID40125,128
vehID10093,197
vehID30156,64
vehID40135,126
vehID10089,194
vehID30155,211
vehID30164,211
vehID40130,130
vehID20056,96
vehID30157,56
vehID10100,197
vehID40128,121
vehID30151,209
vehID10099,191
vehID20058,91
vehID30163,60
vehID40145,118
vehID10096,188
vehID30149,211
vehID30150,60
vehID40148,114
vehID20059,89
vehID10097,187
vehID40131,117
vehID30161,47
vehID20061,84
vehID30147,192
vehID40143,119
vehID10095,187
vehID10098,184
vehID20060,86
vehID40126,117
vehID40142,109
vehID10102,179
vehID40172,108
vehID10101,341
vehID30152,38
vehID20063,243
vehID40157,110
vehID10103,340
vehID30154,194
vehID20064,71
vehID40160,100
vehID10104,339
vehID30158,40
vehID20062,72
vehID40158,101
vehID10106,170
vehID30160,179
vehID10105,329
vehID40159,107
vehID30169,188
vehID30173,175
vehID10107,336
vehID20065,240
vehID40173,96
vehID30165,174
vehID10108,329
vehID20067,61
vehID40165,94
vehID30170,171
vehID10109,328
vehID20068,236
vehID40170,92
vehID30171,170
vehID40166,96
vehID10110,326
vehID30174,168
vehID40171,87
vehID10111,325
vehID20066,219
vehID30176,174
vehID40152,93
vehID10112,322
vehID30167,164
vehID20070,225
vehID40153,83
vehID10113,321
vehID30172,165
vehID40156,82
vehID10114,322
vehID30175,160
vehID40151,88
vehID10116,317
vehID20071,210
vehID30168,161
vehID40169,77
vehID10115,315
vehID20069,216
vehID30177,156
vehID40175,75
vehID10117,315
vehID20072,206
vehID30166,156
vehID40163,79
vehID10118,319
vehID40154,78
vehID20078,205
vehID30178,157
vehID10120,311
vehID30189,161
vehID40155,81
vehID20076,206
vehID30191,148
vehID10119,310
vehID40167,74
vehID40168,76
vehID20075,207
vehID30185,149
vehID40164,76
vehID40174,63
vehID20077,202
vehID30179,154
vehID30187,143
vehID40161,64
vehID20074,201
vehID30188,143
vehID40162,70
vehID20073,198
vehID30182,139
vehID40177,59
vehID20082,200
vehID30190,141
vehID40195,64
vehID20079,194
vehID30181,135
vehID40194,62
vehID20080,196
vehID30180,137
vehID40188,64
vehID20081,195
vehID30186,138
vehID30192,138
vehID40180,55
vehID20083,186
vehID40182,49
vehID30184,132
vehID40184,59
vehID30183,127
vehID20084,183
vehID40187,46
vehID30206,130
vehID40191,48
vehID20085,182
vehID30199,123
vehID40190,41
vehID40183,40
vehID30205,126
vehID20086,179
vehID40186,42
vehID30207,119
vehID20088,177
vehID40176,38
vehID30195,122
vehID20089,174
vehID40192,180
vehID30202,121
vehID20087,173
vehID30193,113
vehID40181,31
vehID30201,117
vehID40178,177
vehID20093,168
vehID30198,119
vehID40189,176
vehID20090,331
vehID30204,106
vehID20091,165
vehID40185,170
vehID30196,109
vehID40193,171
vehID30203,103
vehID40179,169
vehID20092,327
vehID30194,105
vehID20094,327
vehID40196,165
vehID30200,103
vehID40197,165
vehID30197,106
vehID30214,101
vehID40208,164
vehID30210,93
vehID40205,161
vehID20095,316
vehID30216,99
vehID40199,152
vehID20097,315
vehID30212,89
vehID40202,159
vehID10121,230
vehID20096,312
vehID30213,96
vehID30217,89
vehID40206,150
vehID20101,310
vehID30209,94
vehID40198,155
vehID20100,312
vehID30215,83
vehID30211,86
vehID40212,151
vehID20099,306
vehID40215,150
vehID20098,306
vehID30218,79
vehID40214,149
vehID30208,90
vehID30220,80
vehID40201,146
vehID30227,78
vehID40210,139
vehID10122,205
vehID10123,208
vehID20105,295
vehID30226,70
vehID40204,142
vehID20103,295
vehID30222,80
vehID40213,139
vehID10124,205
vehID20104,291
vehID30219,66
vehID40207,138
vehID10125,208
vehID20102,292
vehID30221,76
vehID40211,129
vehID10126,203
vehID30223,215
vehID20108,296
vehID30224,67
vehID10127,203
vehID40222,131
vehID20109,285
vehID10128,199
vehID30225,214
vehID30228,59
vehID40203,131
vehID10129,199
vehID20106,285
vehID30235,65
vehID40209,121
vehID20107,287
vehID10130,199
vehID30236,62
vehID40216,123
vehID10133,195
vehID20111,281
vehID30231,55
vehID30229,209
vehID40200,122
vehID10132,357
vehID30233,54
vehID40228,113
vehID10134,191
vehID30232,207
vehID40224,116
vehID30234,206
vehID10131,354
vehID40220,116
vehID20112,277
vehID10135,348
vehID40227,112
vehID20110,276
vehID10137,350
vehID40217,112
vehID20113,266
vehID10136,353
vehID40219,107
vehID40230,108
vehID10138,352
vehID20115,265
vehID30230,38
vehID40225,106
vehID10142,338
vehID20116,266
vehID20114,263
vehID30240,37
vehID40223,106
vehID10143,340
vehID30239,176
vehID40226,101
vehID10140,336
vehID40218,99
vehID30241,171
vehID10139,340
vehID40221,101
vehID30237,173
vehID10144,334
vehID40231,96
vehID30242,169
vehID10141,336
vehID40245,91
vehID30238,169
vehID10147,330
vehID40229,92
vehID30244,168
vehID10146,334
vehID40239,87
vehID30246,161
vehID10149,328
vehID40240,90
vehID30243,171
vehID10145,328
vehID30245,159
vehID40244,85
vehID10150,322
vehID30247,158
vehID40246,91
vehID40236,79
vehID10148,324
vehID30248,155
vehID40248,82
vehID10152,320
vehID30249,161
vehID40241,83
vehID10153,319
vehID30254,161
vehID40243,79
vehID30250,153
vehID10151,316
vehID40238,73
vehID30253,150
vehID40237,71
vehID30252,145
vehID40233,73
vehID30256,143
vehID40232,72
vehID30251,145
vehID40242,65
vehID30255,146
vehID40247,68
vehID30259,142
vehID20117,377
vehID40234,63
vehID30258,135
vehID40249,64
vehID20120,378
vehID40235,67
vehID30260,134
vehID40258,61
vehID20118,202
vehID30262,135
vehID40250,59
vehID20119,367
vehID30257,135
vehID40265,49
vehID20122,371
vehID30261,135
vehID40261,60
vehID20121,372
vehID30263,124
vehID40253,59
vehID20124,362
vehID30264,123
vehID40264,42
vehID20123,368
vehID40257,43
vehID30267,127
vehID20125,359
vehID40251,49
vehID30265,123
vehID40252,195
vehID30266,118
vehID20126,368
vehID40262,193
vehID30269,128
vehID20127,356
vehID20130,357
vehID30268,119
vehID20129,361
vehID30271,119
vehID40260,38
vehID20128,361
vehID30270,119
vehID40255,37
vehID20133,351
vehID30272,119
vehID20131,359
vehID40256,178
vehID30276,104
vehID20132,351
vehID40259,178
vehID30275,103
vehID20137,354
vehID40263,171
vehID30278,107
vehID20135,346
vehID40254,176
vehID30273,103
vehID20134,344
vehID40274,169
vehID20138,352
vehID30274,109
vehID40271,169
vehID20136,350
vehID30281,99
vehID40266,168
vehID20141,341
vehID30277,93
vehID20139,348
vehID40280,167
vehID30279,95
vehID20142,513
vehID30280,98
vehID40273,158
vehID30282,89
vehID40270,164
vehID30283,96
vehID40269,156
vehID30287,93
vehID40276,161
vehID30288,81
vehID40272,148
vehID30285,87
vehID40268,149
vehID30284,83
vehID40275,144
vehID30286,86
vehID40267,145
vehID30289,71
vehID40278,150
vehID30292,76
vehID40279,148
vehID10156,217
vehID30290,78
vehID40277,135
vehID10154,209
vehID30293,72
vehID30291,63
vehID40281,134
vehID10155,208
vehID30299,71
vehID40282,131
vehID30298,61
vehID10159,207
vehID40288,130
vehID10162,207
vehID30297,69
vehID30295,65
vehID10157,203
vehID40290,127
vehID30296,68
vehID40293,127
vehID10161,202
vehID40287,132
vehID30294,213
vehID10158,202
vehID40283,123
vehID30304,208
vehID10160,199
vehID40292,122
vehID30302,51
vehID10169,198
vehID30300,56
vehID40284,125
vehID10171,195
vehID30301,56
vehID30303,208
vehID40289,116
vehID40286,117
vehID10168,195
vehID40285,115
vehID10165,348
vehID40294,118
vehID10163,345
vehID40295,111
vehID10170,345
vehID40291,114
vehID10164,343
vehID30307,183
vehID30306,186
vehID40302,117
vehID10167,343
vehID30305,34
vehID40301,105
vehID10166,340
vehID30308,33
vehID40307,100
vehID10175,339
vehID30309,177
vehID40296,101
vehID10177,336
vehID30310,183
vehID40304,96
vehID10172,337
vehID30314,173
vehID40303,103
vehID10176,337
vehID30312,170
vehID10174,331
vehID40300,94
vehID30313,169
vehID10173,329
vehID40309,97
vehID30311,168
vehID40297,101
vehID10183,328
vehID30317,164
vehID10178,326
vehID30319,165
vehID40305,86
vehID40308,82
vehID10179,328
vehID30315,167
vehID40298,80
vehID10180,322
vehID10182,325
vehID30316,159
vehID40299,79
vehID30318,158
vehID40310,89
vehID30320,156
vehID40306,80
vehID30323,156
vehID40316,72
vehID30324,151
vehID40319,71
vehID20140,223
vehID30326,149
vehID40312,75
vehID40320,77
vehID30325,154
vehID40318,66
vehID30327,147
vehID40314,78
vehID30322,150
vehID40311,66
vehID20143,209
vehID30321,140
vehID40321,58
vehID20146,209
vehID30338,139
vehID40315,68
vehID20145,380
vehID30341,137
vehID30335,138
vehID40317,59
vehID20144,377
vehID30334,139
vehID40323,63
vehID20148,383
vehID30329,137
vehID40313,47
vehID20149,371
vehID30343,128
vehID20150,377
vehID40328,59
vehID30332,128
vehID20147,372
vehID40322,48
vehID20151,372
vehID30330,128
vehID40327,40
vehID20153,369
vehID30328,127
vehID40325,44
vehID20152,369
vehID30333,120
vehID40330,42
vehID20156,365
vehID40331,35
vehID30336,121
vehID20155,364
vehID40329,36
vehID30337,119
vehID20154,363
vehID30340,118
vehID40326,35
vehID30339,119
vehID20160,360
vehID40324,38
vehID30342,118
vehID20158,360
vehID40338,179
vehID30331,105
vehID20159,355
vehID40339,177
vehID20161,357
vehID30350,114
vehID40332,173
vehID20157,357
vehID30352,115
vehID40337,173
vehID20163,354
vehID30345,114
vehID40335,162
vehID20166,349
vehID20162,356
vehID30348,100
vehID30354,113
vehID40340,167
vehID20165,351
vehID30357,99
vehID40334,161
vehID20168,353
vehID30355,111
vehID20167,348
vehID40336,162
vehID30353,88
vehID20164,346
vehID40341,160
vehID30344,97
vehID30347,83
vehID40333,155
vehID30356,82
vehID40348,156
vehID30358,83
vehID40347,153
vehID30346,97
vehID10181,220
vehID40342,153
vehID30349,79
vehID40344,142
vehID30351,83
vehID40350,146
vehID30367,74
vehID40345,140
vehID30362,79
vehID40346,143
vehID30371,83
vehID40349,138
vehID10184,207
vehID30366,73
vehID30364,66
vehID40343,138
vehID30372,66
vehID40355,129
vehID10189,204
vehID30365,69
vehID40356,131
vehID10188,196
vehID30360,78
vehID40357,125
vehID10191,196
vehID30369,58
vehID40359,131
vehID10187,192
vehID30359,63
vehID40353,126
vehID10190,197
vehID30363,57
vehID40358,122
vehID10186,195
vehID30361,69
vehID40351,127
vehID10185,188
vehID30370,54
vehID10196,192
vehID30368,51
vehID40354,117
vehID30373,54
vehID10199,185
vehID30383,204
vehID40352,115
vehID40366,115
vehID10195,188
vehID30382,199
vehID40365,119
vehID10194,183
vehID40361,115
vehID10198,183
vehID40364,121
vehID10192,179
vehID40363,104
vehID30377,36
vehID10193,180
vehID40362,102
vehID30376,35
vehID10197,175
vehID40360,100
vehID30379,40
vehID10202,336
vehID30381,41
vehID40367,100
vehID30375,36
vehID10204,334
vehID40368,97
vehID30374,177
vehID10206,170
vehID40376,100
vehID10201,327
vehID30378,172
vehID40373,92
vehID10205,331
vehID30380,176
vehID40372,93
vehID10200,324
vehID30384,169
vehID40371,88
vehID10203,326
vehID30400,172
vehID30397,166
vehID40370,91
vehID10207,322
vehID30387,170
vehID40374,82
vehID10212,322
vehID40369,83
vehID30390,164
vehID10213,318
vehID40375,82
vehID10211,323
vehID30393,166
vehID40381,85
vehID10208,320
vehID30394,160
vehID40385,84
vehID10217,319
vehID30396,161
vehID40383,74
vehID10210,323
vehID30398,160
vehID40380,76
vehID10214,310
vehID30392,153
vehID40382,80
vehID10209,309
vehID10215,312
vehID30385,156
vehID40379,67
vehID30388,149
vehID40384,73
vehID40377,65
vehID30399,147
vehID40388,71
vehID40378,72
vehID30389,142
vehID20170,384
vehID30386,140
vehID40392,60
vehID40391,68
vehID30395,144
vehID20173,383
vehID30391,145
vehID40386,63
vehID20175,378
vehID30412,136
vehID40390,61
vehID20171,383
vehID30423,133
vehID20177,376
vehID40394,56
vehID40387,54
vehID30410,132
vehID20176,377
vehID40393,56
vehID30419,130
vehID40389,59
vehID20174,377
vehID30413,134
vehID40403,48
vehID20169,374
vehID30414,127
vehID40395,49
vehID20172,372
vehID30420,124
vehID40402,44
vehID20181,373
vehID20183,371
vehID30405,124
vehID40399,42
vehID30409,120
vehID20184,368
vehID40397,46
vehID30406,119
vehID20178,364
vehID40400,45
vehID30421,120
vehID20179,366
vehID20180,365
vehID40401,41
vehID30424,118
vehID40398,45
vehID20182,362
vehID30401,114
vehID40396,35
vehID20186,361
vehID30416,114
vehID40413,40
vehID20189,361
vehID30408,112
vehID40411,171
vehID20191,356
vehID30418,105
vehID40409,168
vehID20185,356
vehID30404,109
vehID40410,166
vehID20187,352
vehID30407,103
vehID40408,165
vehID30415,96
vehID20190,351
vehID40404,162
vehID30411,100
vehID20188,348
vehID30417,96
vehID40412,161
vehID20192,351
vehID40406,157
vehID30402,100
vehID20196,346
vehID40405,156
vehID30445,100
vehID20194,510
vehID40407,153
vehID30403,94
vehID40418,153
vehID30422,88
vehID40416,150
vehID30450,81
vehID40422,148
vehID30448,86
vehID30434,83
vehID40421,147
vehID30441,93
vehID40420,149
vehID40417,143
vehID30437,81
vehID30429,78
vehID40414,146
vehID30452,88
vehID40415,139
vehID30435,78
vehID40419,138
vehID10218,207
vehID30433,70
vehID40433,135
vehID10216,207
vehID30439,80
vehID40425,138
vehID40424,133
vehID10219,203
vehID30443,71
vehID40426,130
vehID10221,198
vehID30440,63
vehID40430,129
vehID10223,198
vehID30449,73
vehID40423,128
vehID10220,197
vehID30447,61
vehID30426,58
vehID40428,122
vehID10228,197
vehID30438,68
vehID40432,120
vehID10230,192
vehID30444,58
vehID40427,122
vehID10224,191
vehID30430,51
vehID40429,119
vehID10227,190
vehID40431,113
vehID30442,55
vehID10222,185
vehID40446,115
vehID30425,51
vehID10225,189
vehID40439,112
vehID30432,44
vehID10229,183
vehID40441,111
vehID30431,46
vehID10226,183
vehID40444,111
vehID30436,40
vehID10236,181
vehID40435,100
vehID30446,43
vehID10231,178
vehID40434,110
vehID30451,39
vehID10232,336
vehID40437,99
vehID10238,333
vehID30428,37
vehID40442,94
vehID10241,332
vehID30427,176
vehID40440,94
vehID10242,330
vehID30462,174
vehID40436,101
vehID10237,329
vehID30461,170
vehID40445,86
vehID10233,329
vehID30478,170
vehID40443,97
vehID30475,168
vehID10234,322
vehID40448,85
vehID30470,164
vehID10239,322
vehID40463,79
vehID30476,164
vehID10240,324
vehID30472,162
vehID40438,81
vehID10235,319
vehID30469,164
vehID40449,78
vehID10254,320
vehID30459,155
vehID40457,76
vehID40455,83
vehID10250,315
vehID30466,158
vehID40462,73
vehID10255,319
vehID10253,311
vehID30471,152
vehID40456,73
vehID30458,153
vehID10244,312
vehID30477,153
vehID40447,68
vehID10251,315
vehID30463,152
vehID40453,68
vehID10245,309
vehID10247,311
vehID30465,147
vehID40461,65
vehID10248,310
vehID30454,148
vehID40459,66
vehID30479,145
vehID40460,63
vehID40451,63
vehID30456,140
vehID40452,64
vehID20198,213
vehID30480,134
vehID40458,55
vehID20193,377
vehID30464,137
vehID40475,54
vehID20195,376
vehID30453,133
vehID40467,55
vehID20197,375
vehID40454,56
vehID20202,375
vehID30473,129
vehID40474,55
vehID20204,374
vehID40450,56
vehID30467,132
vehID20201,377
vehID40479,45
vehID30455,132
vehID20200,366
vehID40466,49
vehID30468,124
vehID20205,373
vehID30457,121
vehID40468,40
vehID30474,126
vehID20199,362
vehID40470,38
vehID20206,370
vehID30501,117
vehID40477,37
vehID20208,360
vehID30460,113
vehID40465,36
vehID20203,366
vehID30496,113
vehID40472,36
vehID20209,364
vehID30489,110
vehID40480,36
vehID20213,354
vehID40464,34
vehID30481,111
vehID40476,30
vehID20212,357
vehID30498,105
vehID40478,33
vehID20211,358
vehID30485,102
vehID20210,358
vehID40471,174
vehID30497,103
vehID20207,350
vehID40469,169
vehID30486,98
vehID20218,350
vehID40473,170
vehID30510,94
vehID20217,354
vehID40489,162
vehID30483,97
vehID40491,168
vehID20214,343
vehID30488,93
vehID40486,162
vehID20215,513
vehID40490,159
vehID30487,92
vehID20220,339
vehID20216,342
vehID30514,91
vehID40494,159
vehID30482,86
vehID40492,159
vehID40481,157
vehID30499,86
vehID30513,89
vehID30506,85
vehID40485,153
vehID30493,80
vehID40496,152
vehID30511,81
vehID40499,149
vehID40497,146
vehID30503,80
vehID30515,81
vehID30495,74
vehID40487,147
vehID30502,77
vehID40483,143
vehID30505,70
vehID40500,137
vehID30504,73
vehID40493,136
vehID10243,207
vehID30494,69
vehID40484,136
vehID10249,207
vehID30512,63
vehID40495,129
vehID10252,203
vehID30490,72
vehID40482,132
vehID10246,204
vehID30492,62
vehID40528,132
vehID10260,200
vehID40513,128
vehID30508,55
vehID10258,199
vehID40498,123
vehID30500,59
vehID10256,195
vehID30484,60
vehID40488,120
vehID10257,195
vehID30507,55
vehID40509,122
vehID10269,192
vehID30509,47
vehID40504,119
vehID10263,192
vehID30491,55
vehID40530,114
vehID10259,189
vehID30528,51
vehID40529,113
vehID10270,189
vehID30519,52
vehID30549,41
vehID40506,115
vehID10265,345
vehID30542,41
vehID40522,107
vehID10267,180
vehID30535,40
vehID40518,109
vehID10264,339
vehID30529,39
vehID40519,118
vehID10268,338
vehID30545,35
vehID40525,103
vehID10262,337
vehID30553,34
vehID40512,104
vehID10261,337
vehID30517,177
vehID40515,100
vehID10278,334
vehID30554,174
vehID40526,105
vehID10277,333
vehID40523,102
vehID30521,173
vehID10266,332
vehID40521,94
vehID30526,171
vehID10275,330
vehID40508,98
vehID30536,163
vehID10273,328
vehID40510,90
vehID30522,166
vehID10276,326
vehID40520,94
vehID10272,327
vehID30547,160
vehID40517,91
vehID40503,87
vehID10286,323
vehID30540,159
vehID10284,321
vehID40514,82
vehID30530,158
vehID10281,319
vehID40505,86
vehID30523,158
vehID40501,87
vehID40527,83
vehID10279,320
vehID30552,154
vehID10285,317
vehID40524,85
vehID40502,75
vehID30520,151
vehID10282,313
vehID10283,315
vehID30555,151
vehID40511,74
vehID30518,148
vehID40516,76
vehID30538,150
vehID40507,77
vehID40563,69
vehID30539,140
vehID40543,69
vehID30537,140
vehID40567,71
vehID30527,143
vehID20219,211
vehID40534,61
vehID30546,135
vehID20224,378
vehID40535,68
vehID20226,379
vehID30544,133
vehID40558,67
vehID20227,379
vehID30516,136
vehID40556,65
vehID20221,373
vehID30534,128
vehID20223,375
vehID40532,54
vehID30550,126
vehID40546,48
vehID20225,372
vehID30532,128
vehID40553,53
vehID20222,371
vehID30533,120
vehID40566,57
vehID20230,368
vehID30548,125
vehID40545,47
vehID20232,367
vehID40550,52
vehID20233,366
vehID30525,116
vehID40569,39
vehID20236,364
vehID30524,113
vehID40541,38
vehID20228,363
vehID30551,112
vehID40568,37
vehID20235,362
vehID30543,114
vehID40549,44
vehID20234,360
vehID40540,36
vehID30541,108
vehID20237,360
vehID20229,357
vehID40552,41
vehID30579,102
vehID20231,359
vehID30531,108
vehID40559,31
vehID20244,358
vehID30586,107
vehID40554,174
vehID20240,352
vehID30575,96
vehID40561,170
vehID20239,355
vehID30561,99
vehID40531,170
vehID30560,102
vehID20241,347
vehID40542,163
vehID20242,347
vehID30566,90
vehID40564,166
vehID20238,475
vehID30593,89
vehID40544,163
vehID20243,473
vehID20251,344
vehID30557,88
vehID40539,162
vehID20245,469
vehID30574,87
vehID40536,159
vehID30562,89
vehID40570,157
vehID30559,83
vehID40555,153
vehID30577,79
vehID40547,153
vehID30581,82
vehID40565,152
vehID30568,76
vehID40538,145
vehID30580,72
vehID40551,146
vehID30569,74
vehID30570,73
vehID40562,145
vehID30564,73
vehID40533,139
vehID30572,65
vehID40571,141
vehID40557,138
vehID10274,202
vehID30591,64
vehID40537,141
vehID10280,200
vehID30565,64
vehID30584,64
vehID40560,130
vehID10271,198
vehID30567,60
vehID40548,136
vehID10291,197
vehID30576,56
vehID40602,129
vehID10294,196
vehID40595,134
vehID30578,56
vehID10295,193
vehID30571,61
vehID40605,122
vehID10287,193
vehID30583,57
vehID30589,49
vehID40585,121
vehID10288,192
vehID30563,57
vehID40574,119
vehID30582,58
vehID10296,187
vehID30573,51
vehID40599,124
vehID10289,188
vehID30558,51
vehID40600,123
vehID10297,186
vehID30590,40
vehID40608,121
vehID10293,183
vehID30556,46
vehID40596,108
vehID10290,181
vehID30588,36
vehID40607,106
vehID10301,180
vehID30598,44
vehID40591,104
vehID10299,176
vehID30617,40
vehID10300,341
vehID40590,102
vehID30585,34
vehID10312,336
vehID40589,100
vehID30587,38
vehID10292,337
vehID40573,100
vehID30592,31
vehID10309,336
vehID40579,96
vehID30612,177
vehID10298,332
vehID40610,102
vehID30594,171
vehID10302,333
vehID40588,91
vehID30608,167
vehID10317,330
vehID40583,93
vehID30602,165
vehID10307,327
vehID40587,92
vehID30605,164
vehID40577,93
vehID10311,326
vehID40604,94
vehID30616,162
vehID40584,86
vehID10316,325
vehID30611,159
vehID40594,88
vehID10306,321
vehID30624,157
vehID40572,87
vehID10314,322
vehID30618,157
vehID10313,317
vehID40601,88
vehID30607,159
vehID10318,315
vehID30596,157
vehID40578,76
vehID10304,314
vehID30609,149
vehID40609,76
vehID10310,313
vehID10315,313
vehID30600,148
vehID40582,72
vehID30614,143
vehID40575,78
vehID30601,147
vehID40611,76
vehID40581,76
vehID30604,139
vehID40603,76
vehID40586,75
vehID30613,144
vehID40580,74
vehID30615,145
vehID20246,339
vehID40597,73
vehID30620,133
vehID40576,70
vehID40598,55
vehID20248,334
vehID30621,132
vehID30603,133
vehID40614,54
vehID20247,331
vehID30610,138
vehID40592,52
vehID20258,328
vehID30595,137
vehID20250,326
vehID40593,51
vehID30619,130
vehID20249,323
vehID40606,58
vehID40634,49
vehID30623,115
vehID20254,320
vehID40629,54
vehID30599,129
vehID20252,317
vehID40619,48
vehID20257,315
vehID30597,131
vehID40638,42
vehID20259,312
vehID30622,120
vehID30606,107
vehID40625,40
vehID20255,309
vehID20256,308
vehID30652,125
vehID40624,39
vehID20253,305
vehID30659,103
vehID40622,38
vehID20261,302
vehID30661,101
vehID40620,44
vehID20260,299
vehID40616,34
vehID30626,100
vehID20262,297
vehID20265,296
vehID40646,175
vehID30657,106
vehID30649,107
vehID20263,293
vehID40640,174
vehID30636,96
vehID20264,290
vehID40618,173
vehID30642,103
vehID30662,93
vehID20266,287
vehID40642,170
vehID20272,285
vehID30658,92
vehID40627,165
vehID20275,282
vehID30653,99
vehID40628,165
vehID20273,279
vehID30645,88
vehID40647,160
vehID20276,278
vehID30631,95
vehID40635,163
vehID30660,92
vehID40623,159
vehID30643,81
vehID40633,154
vehID30654,88
vehID40630,156
vehID30634,86
vehID40613,155
vehID30630,86
vehID30638,74
vehID40639,147
vehID40644,147
vehID30640,83
vehID40612,150
vehID30629,74
vehID40641,143
vehID30639,78
vehID40617,141
vehID30644,76
vehID40648,140
vehID30648,69
vehID40645,143
vehID30656,75
vehID10303,203
vehID10305,204
vehID40631,143
vehID30641,69
vehID10308,202
vehID40643,133
vehID30650,70
vehID10319,200
vehID40636,134
vehID30635,58
vehID40632,129
vehID10333,199
vehID30655,64
vehID10325,197
vehID40621,133
vehID30632,54
vehID40626,127
vehID10323,196
vehID30637,59
vehID40696,121
vehID10324,194
vehID30647,59
vehID40659,127
vehID10322,193
vehID30646,47
vehID10320,196
vehID40637,116
vehID10330,185
vehID30625,54
vehID30633,50
vehID40677,124
vehID10331,184
vehID30627,47
vehID40615,113
vehID10334,190
vehID40653,121
vehID30628,39
vehID10329,190
vehID40672,107
vehID30686,37
vehID10332,178
vehID40650,108
vehID30651,40
vehID10328,174
vehID40691,103
vehID30677,37
vehID10326,201
vehID40649,112
vehID10321,172
vehID30665,41
vehID30671,37
vehID40661,98
vehID10327,170
vehID30694,176
vehID40654,96
vehID10349,169
vehID30692,171
vehID40665,96
vehID10338,190
vehID30668,172
vehID40667,92
vehID10336,187
vehID30673,168
vehID40674,99
vehID10342,184
vehID40657,89
vehID30675,165
vehID10346,181
vehID40669,93
vehID30684,167
vehID10340,178
vehID40689,87
vehID30689,161
vehID10343,175
vehID40683,81
vehID30676,159
vehID10345,172
vehID40692,84
vehID30679,159
vehID40678,85
vehID10335,169
vehID30664,154
vehID40684,76
vehID10341,166
vehID30682,155
vehID40685,83
vehID10337,163
vehID30681,154
vehID40687,75
vehID10350,160
vehID30685,146
vehID40651,81
vehID10344,158
vehID40652,81
vehID10339,157
vehID30687,152
vehID40670,68
vehID10348,154
vehID30667,140
vehID40680,73
vehID30690,139
vehID40688,69
vehID30683,139
vehID40658,69
vehID30678,140
vehID20268,144
vehID40682,58
vehID20269,142
vehID30691,132
vehID40663,67
vehID20274,139
vehID30670,137
vehID40662,66
vehID20271,136
vehID30674,129
vehID40664,51
vehID20267,133
vehID30693,129
vehID40656,53
vehID20270,130
vehID30669,126
vehID40693,47
vehID20283,127
vehID30680,127
vehID20277,126
vehID40686,49
vehID30666,122
vehID20281,123
vehID40676,47
vehID20284,122
vehID30695,119
vehID40666,52
vehID20280,119
vehID30663,118
vehID40679,51
vehID20282,116
vehID30688,115
vehID40673,37
vehID20285,113
vehID20279,112
vehID30672,109
vehID40668,36
vehID30705,110
vehID20278,109
vehID40694,35
vehID30721,107
vehID20290,106
vehID20291,105
vehID40655,39
vehID30712,104
vehID40671,103
vehID20288,102
vehID30723,101
vehID40690,100
vehID20287,99
vehID30703,98
vehID40695,98
vehID20286,97
vehID20292,96
vehID30710,95
vehID40740,95
vehID20289,93
vehID30711,92
vehID40675,92
vehID20296,90
vehID30713,89
vehID40737,89
vehID20293,88
vehID20294,87
vehID30714,86
vehID40660,86
vehID30725,83
vehID40702,83
vehID30707,82
vehID40681,80
vehID30697,79
vehID30716,78
vehID40720,77
vehID30708,75
vehID40708,74
vehID30702,72
vehID40713,71
vehID30715,69
vehID40733,68
vehID30698,66
vehID40705,66
vehID40719,64
vehID30717,63
vehID40739,61
vehID30704,60
vehID40724,58
vehID30696,57
vehID40723,55
vehID30719,54
vehID40729,52
vehID30706,51
vehID40704,50
vehID10367,49
vehID10347,48
vehID30722,48
vehID40715,47
vehID30724,45
vehID10365,44
vehID40717,44
vehID10361,42
vehID30699,42
vehID30701,41
vehID40709,41
vehID10366,39
vehID30709,38
vehID40727,38
vehID10354,36
vehID40738,36
vehID30720,35
vehID10356,33
vehID40730,33
vehID30718,32
vehID30700,31
vehID10357,30
vehID40743,30
vehID30737,28
vehID10351,27
vehID40700,27
vehID30742,25
vehID10363,24
vehID30733,24
vehID40721,24
vehID30727,22
vehID10353,21
vehID40711,21
vehID30736,20
vehID40697,19
vehID10364,18
vehID30743,17
vehID10358,15
vehID40718,15
vehID30750,14
vehID10359,12
vehID30755,12
vehID40726,12
vehID30739,11
vehID10355,9
vehID40712,9
vehID10362,8
vehID30748,8
vehID40699,6
vehID10352,5
vehID30729,5
vehID40701,5
vehID10377,3
vehID30726,2
vehID40710,2
vehID0,0
vehID1,0
vehID2,0
vehID3,0
vehID4,0
vehID5,0
vehID6,0
vehID7,0
vehID8,0
vehID9,0
vehID10,0
vehID11,0
vehID12,0
vehID13,0
vehID14,0
vehID15,0
vehID16,0
vehID17,0
vehID18,0
vehID19,0
vehID20,0
vehID21,0
vehID22,0
vehID23,0
vehID24,0
vehID25,0
vehID26,0
vehID27,0
vehID28,0
vehID29,0
vehID30,0
vehID31,0
vehID32,0
vehID33,0
vehID34,0
vehID35,0
vehID36,0
vehID37,0
vehID38,0
vehID39,0
vehID40,0
vehID41,0
vehID42,0
vehID43,0
vehID44,0
vehID45,0
vehID46,0
vehID47,0
vehID48,0
vehID49,0
vehID50,0
vehID51,0
vehID52,0
vehID53,0
vehID54,0
vehID55,0
vehID56,0
vehID57,0
vehID58,0
vehID59,0
vehID60,0
vehID61,0
vehID62,0
vehID63,0
vehID64,0
vehID65,0
vehID66,0
vehID67,0
vehID68,0
vehID69,0
vehID70,0
vehID71,0
vehID72,0
vehID73,0
vehID74,0
vehID75,0
vehID76,0
vehID77,0
vehID78,0
vehID79,0
vehID80,0
vehID81,0
vehID82,0
vehID83,0
vehID84,0
vehID85,0
vehID86,0
vehID87,0
vehID88,0
vehID89,0
vehID90,0
vehID91,0
vehID92,0
vehID93,0
vehID94,0
vehID95,0
vehID96,0
vehID97,0
vehID98,0
vehID99,0
vehID100,0
vehID101,0
vehID102,0
vehID103,0
vehID104,0
vehID105,0
vehID106,0
vehID107,0
vehID108,0
vehID109,0
vehID110,0
vehID111,0
vehID112,0
vehID113,0
vehID114,0
vehID115,0
vehID116,0
vehID117,0
vehID118,0
vehID119,0
vehID120,0
vehID121,0
vehID122,0
vehID123,0
vehID124,0
vehID125,0
vehID126,0
vehID127,0
vehID128,0
vehID129,0
vehID130,0
vehID131,0
vehID132,0
vehID133,0
vehID134,0
vehID135,0
vehID136,0
vehID137,0
vehID138,0
vehID139,0
vehID140,0
vehID141,0
vehID142,0
vehID143,0
vehID144,0
vehID145,0
vehID146,0
vehID147,0
vehID148,0
vehID149,0
vehID150,0
vehID151,0
vehID152,0
vehID153,0
vehID154,0
vehID155,0
vehID156,0
vehID157,0
vehID158,0
vehID159,0
vehID160,0
vehID161,0
vehID162,0
vehID163,0
vehID164,0
vehID165,0
vehID166,0
vehID167,0
vehID168,0
vehID169,0
vehID170,0
vehID171,0
vehID172,0
vehID173,0
vehID174,0
vehID175,0
vehID176,0
vehID177,0
vehID178,0
vehID179,0
vehID180,0
vehID181,0
vehID182,0
vehID183,0
vehID184,0
vehID185,0
vehID186,0
vehID187,0
vehID188,0
vehID189,0
vehID190,0
vehID191,0
vehID192,0
vehID193,0
vehID194,0
vehID195,0
vehID196,0
vehID197,0
vehID198,0
vehID199,0
vehID200,0
vehID201,0
vehID202,0
vehID203,0
vehID204,0
vehID205,0
vehID206,0
vehID207,0
vehID208,0
vehID209,0
vehID210,0
vehID211,0
vehID212,0
vehID213,0
vehID214,0
vehID215,0
vehID216,0
vehID217,0
vehID218,0
vehID219,0
vehID220,0
vehID221,0
vehID222,0
vehID223,0
vehID224,0
vehID225,0
vehID226,0
vehID227,0
vehID228,0
vehID229,0
vehID230,0
vehID231,0
vehID232,0
vehID233,0
vehID234,0
vehID235,0
vehID236,0
vehID237,0
vehID238,0
vehID239,0
vehID240,0
vehID241,0
vehID242,0
vehID243,0
vehID244,0
vehID245,0
vehID246,0
vehID247,0
vehID248,0
vehID249,0
vehID250,0
vehID251,0
vehID252,0
vehID253,0
vehID254,0
vehID255,0
vehID256,0
vehID257,0
vehID258,0
vehID259,0
vehID260,0
vehID261,0
vehID262,0
vehID263,0
vehID264,0
vehID265,0
vehID266,0
vehID267,0
vehID268,0
vehID269,0
vehID270,0
vehID271,0
vehID272,0
vehID273,0
vehID274,0
vehID275,0
vehID276,0
vehID277,0
vehID278,0
vehID279,0
vehID280,0
vehID281,0
vehID282,0
vehID283,0
vehID284,0
vehID285,0
vehID286,0
vehID287,0
vehID288,0
vehID289,0
vehID290,0
vehID291,0
vehID292,0
vehID293,0
vehID294,0
vehID295,0
vehID296,0
vehID297,0
vehID298,0
vehID299,0
vehID300,0
vehID301,0
vehID302,0
vehID303,0
vehID304,0
vehID305,0
vehID306,0
vehID307,0
vehID308,0
vehID309,0
vehID310,0
vehID311,0
vehID312,0
vehID313,0
vehID314,0
vehID315,0
vehID316,0
vehID317,0
vehID318,0
vehID319,0
vehID320,0
vehID321,0
vehID322,0
vehID323,0
vehID324,0
vehID325,0
vehID326,0
vehID327,0
vehID328,0
vehID329,0
vehID330,0
vehID331,0
vehID332,0
vehID333,0
vehID334,0
vehID335,0
vehID336,0
vehID337,0
vehID338,0
vehID339,0
vehID340,0
vehID341,0
vehID342,0
vehID343,0
vehID344,0
vehID345,0
vehID346,0
vehID347,0
vehID348,0
vehID349,0
vehID350,0
vehID351,0
vehID352,0
vehID353,0
vehID354,0
vehID355,0
vehID356,0
vehID357,0
vehID358,0
vehID359,0
vehID360,0
vehID361,0
vehID362,0
vehID363,0
vehID364,0
vehID365,0
vehID366,0
vehID367,0
vehID368,0
vehID369,0
vehID370,0
vehID371,0
vehID372,0
vehID373,0
vehID374,0
vehID375,0
vehID376,0
vehID377,0
vehID378,0
vehID379,0
vehID380,0
vehID381,0
vehID382,0
vehID383,0
vehID384,0
vehID385,0
vehID386,0
vehID387,0
vehID388,0
vehID389,0
vehID390,0
vehID391,0
vehID392,0
vehID393,0
vehID394,0
vehID395,0
vehID396,0
vehID397,0
vehID398,0
vehID399,0
vehID400,0
vehID401,0
vehID402,0
vehID403,0
vehID404,0
vehID405,0
vehID406,0
vehID407,0
vehID408,0
vehID409,0
vehID410,0
vehID411,0
vehID412,0
vehID413,0
vehID414,0
vehID415,0
vehID416,0
vehID417,0
vehID418,0
vehID419,0
vehID420,0
vehID421,0
vehID422,0
vehID423,0
vehID424,0
vehID425,0
vehID426,0
vehID427,0
vehID428,0
vehID429,0
vehID430,0
vehID431,0
vehID432,0
vehID433,0
vehID434,0
vehID435,0
vehID436,0
vehID437,0
vehID438,0
vehID439,0
vehID440,0
vehID441,0
vehID442,0
vehID443,0
vehID444,0
vehID445,0
vehID446,0
vehID447,0
vehID448,0
vehID449,0
vehID450,0
vehID451,0
vehID452,0
vehID453,0
vehID454,0
vehID455,0
vehID456,0
vehID457,0
vehID458,0
vehID459,0
vehID460,0
vehID461,0
vehID462,0
vehID463,0
vehID464,0
vehID465,0
vehID466,0
vehID467,0
vehID468,0
vehID469,0
vehID470,0
vehID471,0
vehID472,0
vehID473,0
vehID474,0
vehID475,0
vehID476,0
vehID477,0
vehID478,0
vehID479,0
vehID480,0
vehID481,0
vehID482,0
vehID483,0
vehID484,0
vehID485,0
vehID486,0
vehID487,0
vehID488,0
vehID489,0
vehID490,0
vehID491,0
vehID492,0
vehID493,0
vehID494,0
vehID495,0
vehID496,0
vehID497,0
vehID498,0
vehID499,0
vehID500,0
vehID501,0
vehID502,0
vehID503,0
vehID504,0
vehID505,0
vehID506,0
vehID507,0
vehID508,0
vehID509,0
vehID510,0
vehID511,0
vehID512,0
vehID513,0
vehID514,0
vehID515,0
vehID516,0
vehID517,0
vehID518,0
vehID519,0
vehID520,0
vehID521,0
vehID522,0
vehID523,0
vehID524,0
vehID525,0
vehID526,0
vehID527,0
vehID528,0
vehID529,0
vehID530,0
vehID531,0
vehID532,0
vehID533,0
vehID534,0
vehID535,0
vehID536,0
vehID537,0
vehID538,0
vehID539,0
vehID540,0
vehID541,0
vehID542,0
vehID543,0
vehID544,0
vehID545,0
vehID546,0
vehID547,0
vehID548,0
vehID549,0
vehID550,0
vehID551,0
vehID552,0
vehID553,0
vehID554,0
vehID555,0
vehID556,0
vehID557,0
vehID558,0
vehID559,0
vehID560,0
vehID561,0
vehID562,0
vehID563,0
vehID564,0
vehID565,0
vehID566,0
vehID567,0
vehID568,0
vehID569,0
vehID570,0
vehID571,0
vehID572,0
vehID573,0
vehID574,0
vehID575,0
vehID576,0
vehID577,0
vehID578,0
vehID579,0
vehID580,0
vehID581,0
vehID582,0
vehID583,0
vehID584,0
vehID585,0
vehID586,0
vehID587,0
vehID588,0
vehID589,0
vehID590,0
vehID591,0
vehID592,0
vehID593,0
vehID594,0
vehID595,0
vehID596,0
vehID597,0
vehID598,0
vehID599,0
vehID600,0
vehID601,0
vehID602,0
vehID603,0
vehID604,0
vehID605,0
vehID606,0
vehID607,0
vehID608,0
vehID609,0
vehID610,0
vehID611,0
vehID612,0
vehID613,0
vehID614,0
vehID615,0
vehID616,0
vehID617,0
vehID618,0
vehID619,0
vehID620,0
vehID621,0
vehID622,0
vehID623,0
vehID624,0
vehID625,0
vehID626,0
vehID627,0
vehID628,0
vehID629,0
vehID630,0
vehID631,0
vehID632,0
vehID633,0
vehID634,0
vehID635,0
vehID636,0
vehID637,0
vehID638,0
vehID639,0
vehID640,0
vehID641,0
vehID642,0
vehID643,0
vehID644,0
vehID645,0
vehID646,0
vehID647,0
vehID648,0
vehID649,0
vehID650,0
vehID651,0
vehID652,0
vehID653,0
vehID654,0
vehID655,0
vehID656,0
vehID657,0
vehID658,0
vehID659,0
vehID660,0
vehID661,0
vehID662,0
vehID663,0
vehID664,0
vehID665,0
vehID666,0
vehID667,0
vehID668,0
vehID669,0
vehID670,0
vehID671,0
vehID672,0
vehID673,0
vehID674,0
vehID675,0
vehID676,0
vehID677,0
vehID678,0
vehID679,0
vehID680,0
vehID681,0
vehID682,0
vehID683,0
vehID684,0
vehID685,0
vehID686,0
vehID687,0
vehID688,0
vehID689,0
vehID690,0
vehID691,0
vehID692,0
vehID693,0
vehID694,0
vehID695,0
vehID696,0
vehID697,0
vehID698,0
vehID699,0
vehID700,0
vehID701,0
vehID702,0
vehID703,0
vehID704,0
vehID705,0
vehID706,0
vehID707,0
vehID708,0
vehID709,0
vehID710,0
vehID711,0
vehID712,0
vehID713,0
vehID714,0
vehID715,0
vehID716,0
vehID717,0
vehID718,0
vehID719,0
vehID720,0
vehID721,0
vehID722,0
vehID723,0
vehID724,0
vehID725,0
vehID726,0
vehID727,0
vehID728,0
vehID729,0
vehID730,0
vehID731,0
vehID732,0
vehID733,0
vehID734,0
vehID735,0
vehID736,0
vehID737,0
vehID738,0
vehID739,0
vehID740,0
vehID741,0
vehID742,0
vehID743,0
vehID744,0
vehID745,0
vehID746,0
vehID747,0
vehID748,0
vehID749,0
vehID750,0
vehID751,0
vehID752,0
vehID753,0
vehID754,0
vehID755,0
vehID756,0
vehID757,0
vehID758,0
vehID759,0
vehID760,0
vehID761,0
vehID762,0
vehID763,0
vehID764,0
vehID765,0
vehID766,0
vehID767,0
vehID768,0
vehID769,0
vehID770,0
vehID771,0
vehID772,0
vehID773,0
vehID774,0
vehID775,0
vehID776,0
vehID777,0
vehID778,0
vehID779,0
vehID780,0
vehID781,0
vehID782,0
vehID783,0
vehID784,0
vehID785,0
vehID786,0
vehID787,0
vehID788,0
vehID789,0
vehID790,0
vehID791,0
vehID792,0
vehID793,0
vehID794,0
vehID795,0
vehID796,0
vehID797,0
vehID798,0
vehID799,0
vehID800,0
vehID801,0
vehID802,0
vehID803,0
vehID804,0
vehID805,0
vehID806,0
vehID807,0
vehID808,0
vehID809,0
vehID810,0
vehID811,0
vehID812,0
vehID813,0
vehID814,0
vehID815,0
vehID816,0
vehID817,0
vehID818,0
vehID819,0
vehID820,0
vehID821,0
vehID822,0
vehID823,0
vehID824,0
vehID825,0
vehID826,0
vehID827,0
vehID828,0
vehID829,0
vehID830,0
vehID831,0
vehID832,0
vehID833,0
vehID834,0
vehID835,0
vehID836,0
vehID837,0
vehID838,0
vehID839,0
vehID840,0
vehID841,0
vehID842,0
vehID843,0
vehID844,0
vehID845,0
vehID846,0
vehID847,0
vehID848,0
vehID849,0
vehID850,0
vehID851,0
vehID852,0
vehID853,0
vehID854,0
vehID855,0
vehID856,0
vehID857,0
vehID858,0
vehID859,0
vehID860,0
vehID861,0
vehID862,0
vehID863,0
vehID864,0
vehID865,0
vehID866,0
vehID867,0
vehID868,0
vehID869,0
vehID870,0
vehID871,0
vehID872,0
vehID873,0
vehID874,0
vehID875,0
vehID876,0
vehID877,0
vehID878,0
vehID879,0
vehID880,0
vehID881,0
vehID882,0
vehID883,0
vehID884,0
vehID885,0
vehID886,0
vehID887,0
vehID888,0
vehID889,0
vehID890,0
vehID891,0
vehID892,0
vehID893,0
vehID894,0
vehID895,0
vehID896,0
vehID897,0
vehID898,0
vehID899,0
vehID900,0
vehID901,0
vehID902,0
vehID903,0
vehID904,0
vehID905,0
vehID906,0
vehID907,0
vehID908,0
vehID909,0
vehID910,0
vehID911,0
vehID912,0
vehID913,0
vehID914,0
vehID915,0
vehID916,0
vehID917,0
vehID918,0
vehID919,0
vehID920,0
vehID921,0
vehID922,0
vehID923,0
vehID924,0
vehID925,0
vehID926,0
vehID927,0
vehID928,0
vehID929,0
vehID930,0
vehID931,0
vehID932,0
vehID933,0
vehID934,0
vehID935,0
vehID936,0
vehID937,0
vehID938,0
vehID939,0
vehID940,0
vehID941,0
vehID942,0
vehID943,0
vehID944,0
vehID945,0
vehID946,0
vehID947,0
vehID948,0
vehID949,0
vehID950,0
vehID951,0
vehID952,0
vehID953,0
vehID954,0
vehID955,0
vehID956,0
vehID957,0
vehID958,0
vehID959,0
vehID960,0
vehID961,0
vehID962,0
vehID963,0
vehID964,0
vehID965,0
vehID966,0
vehID967,0
vehID968,0
vehID969,0
vehID970,0
vehID971,0
vehID972,0
vehID973,0
vehID974,0
vehID975,0
vehID976,0
vehID977,0
vehID978,0
vehID979,0
vehID980,0
vehID981,0
vehID982,0
vehID983,0
vehID984,0
vehID985,0
vehID986,0
vehID987,0
vehID988,0
vehID989,0
vehID990,0
vehID991,0
vehID992,0
vehID993,0
vehID994,0
vehID995,0
vehID996,0
vehID997,0
vehID998,0
vehID999,0
vehID1000,0
vehID1001,0
vehID1002,0
vehID1003,0
vehID1004,0
vehID1005,0
vehID1006,0
vehID1007,0
vehID1008,0
vehID1009,0
vehID1010,0
vehID1011,0
vehID1012,0
vehID1013,0
vehID1014,0
vehID1015,0
vehID1016,0
vehID1017,0
vehID1018,0
vehID1019,0
vehID1020,0
vehID1021,0
vehID1022,0
vehID1023,0
vehID1024,0
vehID1025,0
vehID1026,0
vehID1027,0
vehID1028,0
vehID1029,0
vehID1030,0
vehID1031,0
vehID1032,0
vehID1033,0
vehID1034,0
vehID1035,0
vehID1036,0
vehID1037,0
vehID1038,0
vehID1039,0
vehID1040,0
vehID1041,0
vehID1042,0
vehID1043,0
vehID1044,0
vehID1045,0
vehID1046,0
vehID1047,0
vehID1048,0
vehID1049,0
vehID1050,0
vehID1051,0
vehID1052,0
vehID1053,0
vehID1054,0
vehID1055,0
vehID1056,0
vehID1057,0
vehID1058,0
vehID1059,0
vehID1060,0
vehID1061,0
vehID1062,0
vehID1063,0
vehID1064,0
vehID1065,0
vehID1066,0
vehID1067,0
vehID1068,0
vehID1069,0
vehID1070,0
vehID1071,0
vehID1072,0
vehID1073,0
vehID1074,0
vehID1075,0
vehID1076,0
vehID1077,0
vehID1078,0
vehID1079,0
vehID1080,0
vehID1081,0
vehID1082,0
vehID1083,0
vehID1084,0
vehID1085,0
vehID1086,0
vehID1087,0
vehID1088,0
vehID1089,0
vehID1090,0
vehID1091,0
vehID1092,0
vehID1093,0
vehID1094,0
vehID1095,0
vehID1096,0
vehID1097,0
vehID1098,0
vehID1099,0
vehID1100,0
vehID1101,0
vehID1102,0
vehID1103,0
vehID1104,0
vehID1105,0
vehID1106,0
vehID1107,0
vehID1108,0
vehID1109,0
vehID1110,0
vehID1111,0
vehID1112,0
vehID1113,0
vehID1114,0
vehID1115,0
vehID1116,0
vehID1117,0
vehID1118,0
vehID1119,0
vehID1120,0
vehID1121,0
vehID1122,0
vehID1123,0
vehID1124,0
vehID1125,0
vehID1126,0
vehID1127,0
vehID1128,0
vehID1129,0
vehID1130,0
vehID1131,0
vehID1132,0
vehID1133,0
vehID1134,0
vehID1135,0
vehID1136,0
vehID1137,0
vehID1138,0
vehID1139,0
vehID1140,0
vehID1141,0
vehID1142,0
vehID1143,0
vehID1144,0
vehID1145,0
vehID1146,0
vehID1147,0
vehID1148,0
vehID1149,0
vehID1150,0
vehID1151,0
vehID1152,0
vehID1153,0
vehID1154,0
vehID1155,0
vehID1156,0
vehID1157,0
vehID1158,0
vehID1159,0
vehID1160,0
vehID1161,0
vehID1162,0
vehID1163,0
vehID1164,0
vehID1165,0
vehID1166,0
vehID1167,0
vehID1168,0
vehID1169,0
vehID1170,0
vehID1171,0
vehID1172,0
vehID1173,0
vehID1174,0
vehID1175,0
vehID1176,0
vehID1177,0
vehID1178,0
vehID1179,0
vehID1180,0
vehID1181,0
vehID1182,0
vehID1183,0
vehID1184,0
vehID1185,0
vehID1186,0
vehID1187,0
vehID1188,0
vehID1189,0
vehID1190,0
vehID1191,0
vehID1192,0
vehID1193,0
vehID1194,0
vehID1195,0
vehID1196,0
vehID1197,0
vehID1198,0
vehID1199,0
vehID1200,0
vehID1201,0
vehID1202,0
vehID1203,0
vehID1204,0
vehID1205,0
vehID1206,0
vehID1207,0
vehID1208,0
vehID1209,0
vehID1210,0
vehID1211,0
vehID1212,0
vehID1213,0
vehID1214,0
vehID1215,0
vehID1216,0
vehID1217,0
vehID1218,0
vehID1219,0
vehID1220,0
vehID1221,0
vehID1222,0
vehID1223,0
vehID1224,0
vehID1225,0
vehID1226,0
vehID1227,0
vehID1228,0
vehID1229,0
vehID1230,0
vehID1231,0
vehID1232,0
vehID1233,0
vehID1234,0
vehID1235,0
vehID1236,0
vehID1237,0
vehID1238,0
vehID1239,0
vehID1240,0
vehID1241,0
vehID1242,0
vehID1243,0
vehID1244,0
vehID1245,0
vehID1246,0
vehID1247,0
vehID1248,0
vehID1249,0
vehID1250,0
vehID1251,0
vehID1252,0
vehID1253,0
vehID1254,0
vehID1255,0
vehID1256,0
vehID1257,0
vehID1258,0
vehID1259,0
vehID1260,0
vehID1261,0
vehID1262,0
vehID1263,0
vehID1264,0
vehID1265,0
vehID1266,0
vehID1267,0
vehID1268,0
vehID1269,0
vehID1270,0
vehID1271,0
vehID1272,0
vehID1273,0
vehID1274,0
vehID1275,0
vehID1276,0
vehID1277,0
vehID1278,0
vehID1279,0
vehID1280,0
vehID1281,0
vehID1282,0
vehID1283,0
vehID1284,0
vehID1285,0
vehID1286,0
vehID1287,0
vehID1288,0
vehID1289,0
vehID1290,0
vehID1291,0
vehID1292,0
vehID1293,0
vehID1294,0
vehID1295,0
vehID1296,0
vehID1297,0
vehID1298,0
vehID1299,0
vehID1300,0
vehID1301,0
vehID1302,0
vehID1303,0
vehID1304,0
vehID1305,0
vehID1306,0
vehID1307,0
vehID1308,0
vehID1309,0
vehID1310,0
vehID1311,0
vehID1312,0
vehID1313,0
vehID1314,0
vehID1315,0
vehID1316,0
vehID1317,0
vehID1318,0
vehID1319,0
vehID1320,0
vehID1321,0
vehID1322,0
vehID1323,0
vehID1324,0
vehID1325,0
vehID1326,0
vehID1327,0
vehID1328,0
vehID1329,0
vehID1330,0
vehID1331,0
vehID1332,0
vehID1333,0
vehID1334,0
vehID1335,0
vehID1336,0
vehID1337,0
vehID1338,0
vehID1339,0
vehID1340,0
vehID1341,0
vehID1342,0
vehID1343,0
vehID1344,0
vehID1345,0
vehID1346,0
vehID1347,0
vehID1348,0
vehID1349,0
vehID1350,0
vehID1351,0
vehID1352,0
vehID1353,0
vehID1354,0
vehID1355,0
vehID1356,0
vehID1357,0
vehID1358,0
vehID1359,0
vehID1360,0
vehID1361,0
vehID1362,0
vehID1363,0
vehID1364,0
vehID1365,0
vehID1366,0
vehID1367,0
vehID1368,0
vehID1369,0
vehID1370,0
vehID1371,0
vehID1372,0
vehID1373,0
vehID1374,0
vehID1375,0
vehID1376,0
vehID1377,0
vehID1378,0
vehID1379,0
vehID1380,0
vehID1381,0
vehID1382,0
vehID1383,0
vehID1384,0
vehID1385,0
vehID1386,0
vehID1387,0
vehID1388,0
vehID1389,0
vehID1390,0
vehID1391,0
vehID1392,0
vehID1393,0
vehID1394,0
vehID1395,0
vehID1396,0
vehID1397,0
vehID1398,0
vehID1399,0
vehID1400,0
vehID1401,0
vehID1402,0
vehID1403,0
vehID1404,0
vehID1405,0
vehID1406,0
vehID1407,0
vehID1408,0
vehID1409,0
vehID1410,0
vehID1411,0
vehID1412,0
vehID1413,0
vehID1414,0
vehID1415,0
vehID1416,0
vehID1417,0
vehID1418,0
vehID1419,0
vehID1420,0
vehID1421,0
vehID1422,0
vehID1423,0
vehID1424,0
vehID1425,0
vehID1426,0
vehID1427,0
vehID1428,0
vehID1429,0
vehID1430,0
vehID1431,0
vehID1432,0
vehID1433,0
vehID1434,0
vehID1435,0
vehID1436,0
vehID1437,0
vehID1438,0
vehID1439,0
vehID1440,0
vehID1441,0
vehID1442,0
vehID1443,0
vehID1444,0
vehID1445,0
vehID1446,0
vehID1447,0
vehID1448,0
vehID1449,0
vehID1450,0
vehID1451,0
vehID1452,0
vehID1453,0
vehID1454,0
vehID1455,0
vehID1456,0
vehID1457,0
vehID1458,0
vehID1459,0
vehID1460,0
vehID1461,0
vehID1462,0
vehID1463,0
vehID1464,0
vehID1465,0
vehID1466,0
vehID1467,0
vehID1468,0
vehID1469,0
vehID1470,0
vehID1471,0
vehID1472,0
vehID1473,0
vehID1474,0
vehID1475,0
vehID1476,0
vehID1477,0
vehID1478,0
vehID1479,0
vehID1480,0
vehID1481,0
vehID1482,0
vehID1483,0
vehID1484,0
vehID1485,0
vehID1486,0
vehID1487,0
vehID1488,0
vehID1489,0
vehID1490,0
vehID1491,0
vehID1492,0
vehID1493,0
vehID1494,0
vehID1495,0
vehID1496,0
vehID1497,0
vehID1498,0
vehID1499,0
vehID1500,0
vehID1501,0
vehID1502,0
vehID1503,0
vehID1504,0
vehID1505,0
vehID1506,0
vehID1507,0
vehID1508,0
vehID1509,0
vehID1510,0
vehID1511,0
vehID1512,0
vehID1513,0
vehID1514,0
vehID1515,0
vehID1516,0
vehID1517,0
vehID1518,0
vehID1519,0
vehID1520,0
vehID1521,0
vehID1522,0
vehID1523,0
vehID1524,0
vehID1525,0
vehID1526,0
vehID1527,0
vehID1528,0
vehID1529,0
vehID1530,0
vehID1531,0
vehID1532,0
vehID1533,0
vehID1534,0
vehID1535,0
vehID1536,0
vehID1537,0
vehID1538,0
vehID1539,0
vehID1540,0
vehID1541,0
vehID1542,0
vehID1543,0
vehID1544,0
vehID1545,0
vehID1546,0
vehID1547,0
vehID1548,0
vehID1549,0
vehID1550,0
vehID1551,0
vehID1552,0
vehID1553,0
vehID1554,0
vehID1555,0
vehID1556,0
vehID1557,0
vehID1558,0
vehID1559,0
vehID1560,0
vehID1561,0
vehID1562,0
vehID1563,0
vehID1564,0
vehID1565,0
vehID1566,0
vehID1567,0
vehID1568,0
vehID1569,0
vehID1570,0
vehID1571,0
vehID1572,0
vehID1573,0
vehID1574,0
vehID1575,0
vehID1576,0
vehID1577,0
vehID1578,0
vehID1579,0
vehID1580,0
vehID1581,0
vehID1582,0
vehID1583,0
vehID1584,0
vehID1585,0
vehID1586,0
vehID1587,0
vehID1588,0
vehID1589,0
vehID1590,0
vehID1591,0
vehID1592,0
vehID1593,0
vehID1594,0
vehID1595,0
vehID1596,0
vehID1597,0
vehID1598,0
vehID1599,0
vehID1600,0
vehID1601,0
vehID1602,0
vehID1603,0
vehID1604,0
vehID1605,0
vehID1606,0
vehID1607,0
vehID1608,0
vehID1609,0
vehID1610,0
vehID1611,0
vehID1612,0
vehID1613,0
vehID1614,0
vehID1615,0
vehID1616,0
vehID1617,0
vehID1618,0
vehID1619,0
vehID1620,0
vehID1621,0
vehID1622,0
vehID1623,0
vehID1624,0
vehID1625,0
vehID1626,0
vehID1627,0
vehID1628,0
vehID1629,0
vehID1630,0
vehID1631,0
vehID1632,0
vehID1633,0
vehID1634,0
vehID1635,0
vehID1636,0
vehID1637,0
vehID1638,0
vehID1639,0
vehID1640,0
vehID1641,0
vehID1642,0
vehID1643,0
vehID1644,0
vehID1645,0
vehID1646,0
vehID1647,0
vehID1648,0
vehID1649,0
vehID1650,0
vehID1651,0
vehID1652,0
vehID1653,0
vehID1654,0
vehID1655,0
vehID1656,0
vehID1657,0
vehID1658,0
vehID1659,0
vehID1660,0
vehID1661,0
vehID1662,0
vehID1663,0
vehID1664,0
vehID1665,0
vehID1666,0
vehID1667,0
vehID1668,0
vehID1669,0
vehID1670,0
vehID1671,0
vehID1672,0
vehID1673,0
vehID1674,0
vehID1675,0
vehID1676,0
vehID1677,0
vehID1678,0
vehID1679,0
vehID1680,0
vehID1681,0
vehID1682,0
vehID1683,0
vehID1684,0
vehID1685,0
vehID1686,0
vehID1687,0
vehID1688,0
vehID1689,0
vehID1690,0
vehID1691,0
vehID1692,0
vehID1693,0
vehID1694,0
vehID1695,0
vehID1696,0
vehID1697,0
vehID1698,0
vehID1699,0
vehID1700,0
vehID1701,0
vehID1702,0
vehID1703,0
vehID1704,0
vehID1705,0
vehID1706,0
vehID1707,0
vehID1708,0
vehID1709,0
vehID1710,0
vehID1711,0
vehID1712,0
vehID1713,0
vehID1714,0
vehID1715,0
vehID1716,0
vehID1717,0
vehID1718,0
vehID1719,0
vehID1720,0
vehID1721,0
vehID1722,0
vehID1723,0
vehID1724,0
vehID1725,0
vehID1726,0
vehID1727,0
vehID1728,0
vehID1729,0
vehID1730,0
vehID1731,0
vehID1732,0
vehID1733,0
vehID1734,0
vehID1735,0
vehID1736,0
vehID1737,0
vehID1738,0
vehID1739,0
vehID1740,0
vehID1741,0
vehID1742,0
vehID1743,0
vehID1744,0
vehID1745,0
vehID1746,0
vehID1747,0
vehID1748,0
vehID1749,0
vehID1750,0
vehID1751,0
vehID1752,0
vehID1753,0
vehID1754,0
vehID1755,0
vehID1756,0
vehID1757,0
vehID1758,0
vehID1759,0
vehID1760,0
vehID1761,0
vehID1762,0
vehID1763,0
vehID1764,0
vehID1765,0
vehID1766,0
vehID1767,0
vehID1768,0
vehID1769,0
vehID1770,0
vehID1771,0
vehID1772,0
vehID1773,0
vehID1774,0
vehID1775,0
vehID1776,0
vehID1777,0
vehID1778,0
vehID1779,0
vehID1780,0
vehID1781,0
vehID1782,0
vehID1783,0
vehID1784,0
vehID1785,0
vehID1786,0
vehID1787,0
vehID1788,0
vehID1789,0
vehID1790,0
vehID1791,0
vehID1792,0
vehID1793,0
vehID1794,0
vehID1795,0
vehID1796,0
vehID1797,0
vehID1798,0
vehID1799,0
vehID1800,0
vehID1801,0
vehID1802,0
vehID1803,0
vehID1804,0
vehID1805,0
vehID1806,0
vehID1807,0
vehID1808,0
vehID1809,0
vehID1810,0
vehID1811,0
vehID1812,0
vehID1813,0
vehID1814,0
vehID1815,0
vehID1816,0
vehID1817,0
vehID1818,0
vehID1819,0
vehID1820,0
vehID1821,0
vehID1822,0
vehID1823,0
vehID1824,0
vehID1825,0
vehID1826,0
vehID1827,0
vehID1828,0
vehID1829,0
vehID1830,0
vehID1831,0
vehID1832,0
vehID1833,0
vehID1834,0
vehID1835,0
vehID1836,0
vehID1837,0
vehID1838,0
vehID1839,0
vehID1840,0
vehID1841,0
vehID1842,0
vehID1843,0
vehID1844,0
vehID1845,0
vehID1846,0
vehID1847,0
vehID1848,0
vehID1849,0
vehID1850,0
vehID1851,0
vehID1852,0
vehID1853,0
vehID1854,0
vehID1855,0
vehID1856,0
vehID1857,0
vehID1858,0
vehID1859,0
vehID1860,0
vehID1861,0
vehID1862,0
vehID1863,0
vehID1864,0
vehID1865,0
vehID1866,0
vehID1867,0
vehID1868,0
vehID1869,0
vehID1870,0
vehID1871,0
vehID1872,0
vehID1873,0
vehID1874,0
vehID1875,0
vehID1876,0
vehID1877,0
vehID1878,0
vehID1879,0
vehID1880,0
vehID1881,0
vehID1882,0
vehID1883,0
vehID1884,0
vehID1885,0
vehID1886,0
vehID1887,0
vehID1888,0
vehID1889,0
vehID1890,0
vehID1891,0
vehID1892,0
vehID1893,0
vehID1894,0
vehID1895,0
vehID1896,0
vehID1897,0
vehID1898,0
vehID1899,0
vehID1900,0
vehID1901,0
vehID1902,0
vehID1903,0
vehID1904,0
vehID1905,0
vehID1906,0
vehID1907,0
vehID1908,0
vehID1909,0
vehID1910,0
vehID1911,0
vehID1912,0
vehID1913,0
vehID1914,0
vehID1915,0
vehID1916,0
vehID1917,0
vehID1918,0
vehID1919,0
vehID1920,0
vehID1921,0
vehID1922,0
vehID1923,0
vehID1924,0
vehID1925,0
vehID1926,0
vehID1927,0
vehID1928,0
vehID1929,0
vehID1930,0
vehID1931,0
vehID1932,0
vehID1933,0
vehID1934,0
vehID1935,0
vehID1936,0
vehID1937,0
vehID1938,0
vehID1939,0
vehID1940,0
vehID1941,0
vehID1942,0
vehID1943,0
vehID1944,0
vehID1945,0
vehID1946,0
vehID1947,0
vehID1948,0
vehID1949,0
vehID1950,0
vehID1951,0
vehID1952,0
vehID1953,0
vehID1954,0
vehID1955,0
vehID1956,0
vehID1957,0
vehID1958,0
vehID1959,0
vehID1960,0
vehID1961,0
vehID1962,0
vehID1963,0
vehID1964,0
vehID1965,0
vehID1966,0
vehID1967,0
vehID1968,0
vehID1969,0
vehID1970,0
vehID1971,0
vehID1972,0
vehID1973,0
vehID1974,0
vehID1975,0
vehID1976,0
vehID1977,0
vehID1978,0
vehID1979,0
vehID1980,0
vehID1981,0
vehID1982,0
vehID1983,0
vehID1984,0
vehID1985,0
vehID1986,0
vehID1987,0
vehID1988,0
vehID1989,0
vehID1990,0
vehID1991,0
vehID1992,0
vehID1993,0
vehID1994,0
vehID1995,0
vehID1996,0
vehID1997,0
vehID1998,0
vehID1999,0
vehID2000,0
vehID2001,0
vehID2002,0
vehID2003,0
vehID2004,0
vehID2005,0
vehID2006,0
vehID2007,0
vehID2008,0
vehID2009,0
vehID2010,0
vehID2011,0
vehID2012,0
vehID2013,0
vehID2014,0
vehID2015,0
vehID2016,0
vehID2017,0
vehID2018,0
vehID2019,0
vehID2020,0
vehID2021,0
vehID2022,0
vehID2023,0
vehID2024,0
vehID2025,0
vehID2026,0
vehID2027,0
vehID2028,0
vehID2029,0
vehID2030,0
vehID2031,0
vehID2032,0
vehID2033,0
vehID2034,0
vehID2035,0
vehID2036,0
vehID2037,0
vehID2038,0
vehID2039,0
vehID2040,0
vehID2041,0
vehID2042,0
vehID2043,0
vehID2044,0
vehID2045,0
vehID2046,0
vehID2047,0
vehID2048,0
vehID2049,0
vehID2050,0
vehID2051,0
vehID2052,0
vehID2053,0
vehID2054,0
vehID2055,0
vehID2056,0
vehID2057,0
vehID2058,0
vehID2059,0
vehID2060,0
vehID2061,0
vehID2062,0
vehID2063,0
vehID2064,0
vehID2065,0
vehID2066,0
vehID2067,0
vehID2068,0
vehID2069,0
vehID2070,0
vehID2071,0
vehID2072,0
vehID2073,0
vehID2074,0
vehID2075,0
vehID2076,0
vehID2077,0
vehID2078,0
vehID2079,0
vehID2080,0
vehID2081,0
vehID2082,0
vehID2083,0
vehID2084,0
vehID2085,0
vehID2086,0
vehID2087,0
vehID2088,0
vehID2089,0
vehID2090,0
vehID2091,0
vehID2092,0
vehID2093,0
vehID2094,0
vehID2095,0
vehID2096,0
vehID2097,0
vehID2098,0
vehID2099,0
vehID2100,0
vehID2101,0
vehID2102,0
vehID2103,0
vehID2104,0
vehID2105,0
vehID2106,0
vehID2107,0
vehID2108,0
vehID2109,0
vehID2110,0
vehID2111,0
vehID2112,0
vehID2113,0
vehID2114,0
vehID2115,0
vehID2116,0
vehID2117,0
vehID2118,0
vehID2119,0
vehID2120,0
vehID2121,0
vehID2122,0
vehID2123,0
vehID2124,0
